2165605,2024-10-04,Round 500,Denver Nuggets,103,Boston Celtics,107,https://r2.thesportsdb.com/images/media/event/poster/w1bvut1733080875.jpg,https://r2.thesportsdb.com/images/media/event/thumb/mgi73x1728329333.jpg
2165451,2024-10-05,Round 500,Utah Jazz,116,New Zealand Breakers,87,https://r2.thesportsdb.com/images/media/event/poster/e2eamh1733080876.jpg,https://r2.thesportsdb.com/images/media/event/thumb/471f751728329335.jpg
2165606,2024-10-05,Round 500,Los Angeles Lakers,107,Minnesota Timberwolves,124,https://r2.thesportsdb.com/images/media/event/poster/6d8wpf1733080878.jpg,https://r2.thesportsdb.com/images/media/event/thumb/yihjvy1728329336.jpg
2165607,2024-10-05,Round 500,Los Angeles Clippers,90,Golden State Warriors,91,https://r2.thesportsdb.com/images/media/event/poster/jjpdhg1733080879.jpg,https://r2.thesportsdb.com/images/media/event/thumb/dgtbbp1728329339.jpg
2165608,2024-10-06,Round 500,Boston Celtics,130,Denver Nuggets,104,https://r2.thesportsdb.com/images/media/event/poster/az43pj1733080880.jpg,https://r2.thesportsdb.com/images/media/event/thumb/1kst1u1728329341.jpg
2165609,2024-10-06,Round 500,Charlotte Hornets,109,New York Knicks,111,https://r2.thesportsdb.com/images/media/event/poster/wxil6q1733080881.jpg,https://r2.thesportsdb.com/images/media/event/thumb/ezgurc1728329343.jpg
2165610,2024-10-06,Round 500,Toronto Raptors,125,Washington Wizards,98,https://r2.thesportsdb.com/images/media/event/poster/4wei0x1733080883.jpg,https://r2.thesportsdb.com/images/media/event/thumb/4e6e0x1728329345.jpg
2165611,2024-10-07,Round 500,Detroit Pistons,120,Milwaukee Bucks,87,https://r2.thesportsdb.com/images/media/event/poster/tih2q41733080884.jpg,https://r2.thesportsdb.com/images/media/event/thumb/oxloi41728329347.jpg
2165612,2024-10-07,Round 500,Los Angeles Lakers,114,Phoenix Suns,118,https://r2.thesportsdb.com/images/media/event/poster/zxhlr81733080886.jpg,https://r2.thesportsdb.com/images/media/event/thumb/zz66oc1728329349.jpg
2165613,2024-10-07,Round 500,New Orleans Pelicans,106,Orlando Magic,104,https://r2.thesportsdb.com/images/media/event/poster/5scmdh1733080888.jpg,https://r2.thesportsdb.com/images/media/event/thumb/k7gd4w1728329351.jpg
2165460,2024-10-07,Round 500,Philadelphia 76ers,84,New Zealand Breakers,139,https://r2.thesportsdb.com/images/media/event/poster/w898rb1733080890.jpg,https://r2.thesportsdb.com/images/media/event/thumb/nvbirp1728329352.jpg
2165615,2024-10-08,Round 500,San Antonio Spurs,107,Oklahoma City Thunder,112,https://r2.thesportsdb.com/images/media/event/poster/munc0a1733080893.jpg,https://r2.thesportsdb.com/images/media/event/thumb/b12gjq1728329356.jpg
2165614,2024-10-08,Round 500,Dallas Mavericks,116,Memphis Grizzlies,121,https://r2.thesportsdb.com/images/media/event/poster/m26qy41733080892.jpg,https://r2.thesportsdb.com/images/media/event/thumb/56k2i71728329354.jpg
2165616,2024-10-08,Round 500,Utah Jazz,122,Houston Rockets,113,https://r2.thesportsdb.com/images/media/event/poster/f0i8m91733080894.jpg,https://r2.thesportsdb.com/images/media/event/thumb/hejoix1728329359.jpg
2165619,2024-10-08,Round 500,Detroit Pistons,97,Phoenix Suns,105,https://r2.thesportsdb.com/images/media/event/poster/zg0k6l1733080899.jpg,https://r2.thesportsdb.com/images/media/event/thumb/m0bwif1728329364.jpg
2165617,2024-10-08,Round 500,Charlotte Hornets,111,Miami Heat,108,https://r2.thesportsdb.com/images/media/event/poster/zqf9cx1733080898.jpg,https://r2.thesportsdb.com/images/media/event/thumb/8ed5xc1728329363.jpg
2165618,2024-10-08,Round 500,Cleveland Cavaliers,112,Chicago Bulls,116,https://r2.thesportsdb.com/images/media/event/poster/hn1pyz1733080896.jpg,https://r2.thesportsdb.com/images/media/event/thumb/8qpv571728329360.jpg
2165620,2024-10-08,Round 500,Atlanta Hawks,131,Indiana Pacers,130,https://r2.thesportsdb.com/images/media/event/poster/de02vg1733080899.jpg,https://r2.thesportsdb.com/images/media/event/thumb/oezn7c1728329366.jpg
2165621,2024-10-09,Round 500,Los Angeles Clippers,115,Brooklyn Nets,106,https://r2.thesportsdb.com/images/media/event/poster/x3tr6e1733080900.jpg,https://r2.thesportsdb.com/images/media/event/thumb/t6t6im1728329367.jpg
2165622,2024-10-09,Round 500,New York Knicks,117,Washington Wizards,94,https://r2.thesportsdb.com/images/media/event/poster/t1t6oe1733080901.jpg,https://r2.thesportsdb.com/images/media/event/thumb/2q5wdp1728329369.jpg
2165624,2024-10-10,Round 500,Oklahoma City Thunder,113,Houston Rockets,122,https://r2.thesportsdb.com/images/media/event/poster/82tq3c1733080904.jpg,https://r2.thesportsdb.com/images/media/event/thumb/af4xgr1728329372.jpg
2165623,2024-10-10,Round 500,San Antonio Spurs,107,Orlando Magic,97,https://r2.thesportsdb.com/images/media/event/poster/5gca2v1733080903.jpg,https://r2.thesportsdb.com/images/media/event/thumb/xatpyo1728329370.jpg
2165625,2024-10-10,Round 500,Sacramento Kings,112,Golden State Warriors,122,https://r2.thesportsdb.com/images/media/event/poster/t144qb1733080905.jpg,https://r2.thesportsdb.com/images/media/event/thumb/7kjwy81728329373.jpg
2165626,2024-10-10,Round 500,Cleveland Cavaliers,117,Indiana Pacers,129,https://r2.thesportsdb.com/images/media/event/poster/c7lgzv1733080906.jpg,https://r2.thesportsdb.com/images/media/event/thumb/65hxyu1728329375.jpg
2165478,2024-10-11,Round 500,Oklahoma City Thunder,117,New Zealand Breakers,89,https://r2.thesportsdb.com/images/media/event/poster/gtf8bf1733080907.jpg,https://r2.thesportsdb.com/images/media/event/thumb/s4kpde1728329378.jpg
2165630,2024-10-11,Round 500,Milwaukee Bucks,102,Los Angeles Lakers,107,https://r2.thesportsdb.com/images/media/event/poster/hs6v2z1733080910.jpg,https://r2.thesportsdb.com/images/media/event/thumb/m5eth91728329383.jpg
2165629,2024-10-11,Round 500,Memphis Grizzlies,94,Charlotte Hornets,119,https://r2.thesportsdb.com/images/media/event/poster/nvwa081733080908.jpg,https://r2.thesportsdb.com/images/media/event/thumb/jl85a81728329379.jpg
2165628,2024-10-11,Round 500,Dallas Mavericks,102,Utah Jazz,107,https://r2.thesportsdb.com/images/media/event/poster/0gsdvk1733080909.jpg,https://r2.thesportsdb.com/images/media/event/thumb/t9tgbt1728329381.jpg
2165631,2024-10-11,Round 500,Washington Wizards,113,Toronto Raptors,95,https://r2.thesportsdb.com/images/media/event/poster/r5ez9n1733080911.jpg,https://r2.thesportsdb.com/images/media/event/thumb/6ecbzq1728329385.jpg
2165632,2024-10-11,Round 500,Orlando Magic,,New Orleans Pelicans,,https://r2.thesportsdb.com/images/media/event/poster/7zxaeb1733080913.jpg,https://r2.thesportsdb.com/images/media/event/thumb/4fxhk91728329389.jpg
2165633,2024-10-11,Round 500,Minnesota Timberwolves,121,Philadelphia 76ers,111,https://r2.thesportsdb.com/images/media/event/poster/vqr49s1733080912.jpg,https://r2.thesportsdb.com/images/media/event/thumb/ujs2jk1728329387.jpg
2165635,2024-10-12,Round 500,Phoenix Suns,91,Detroit Pistons,109,https://r2.thesportsdb.com/images/media/event/poster/rbmjx01733080914.jpg,https://r2.thesportsdb.com/images/media/event/thumb/7v3dro1728329391.jpg
2165634,2024-10-12,Round 500,Golden State Warriors,109,Sacramento Kings,106,https://r2.thesportsdb.com/images/media/event/poster/ybi7jx1733080915.jpg,https://r2.thesportsdb.com/images/media/event/thumb/59ez5n1728329394.jpg
2165636,2024-10-12,Round 500,Los Angeles Clippers,101,Portland Trail Blazers,99,https://r2.thesportsdb.com/images/media/event/poster/th28yg1733080916.jpg,https://r2.thesportsdb.com/images/media/event/thumb/1ik0py1728329396.jpg
2165639,2024-10-13,Round 500,San Antonio Spurs,126,Utah Jazz,120,https://r2.thesportsdb.com/images/media/event/poster/zurj0x1733080918.jpg,https://r2.thesportsdb.com/images/media/event/thumb/pnm7l51728329397.jpg
2165637,2024-10-13,Round 500,Boston Celtics,139,Philadelphia 76ers,89,https://r2.thesportsdb.com/images/media/event/poster/sc5f2s1733080918.jpg,https://r2.thesportsdb.com/images/media/event/thumb/mjmhf61728329401.jpg
2165638,2024-10-13,Round 500,Chicago Bulls,121,Memphis Grizzlies,124,https://r2.thesportsdb.com/images/media/event/poster/6lzyde1733080917.jpg,https://r2.thesportsdb.com/images/media/event/thumb/notz6z1728329399.jpg
2165640,2024-10-13,Round 500,Miami Heat,101,New Orleans Pelicans,99,https://r2.thesportsdb.com/images/media/event/poster/mzg3dj1733080919.jpg,https://r2.thesportsdb.com/images/media/event/thumb/1mao0z1728329403.jpg
2165642,2024-10-13,Round 500,Sacramento Kings,85,Portland Trail Blazers,105,https://r2.thesportsdb.com/images/media/event/poster/sxkveh1733080921.jpg,https://r2.thesportsdb.com/images/media/event/thumb/eh4f4z1728329404.jpg
2165641,2024-10-13,Round 500,New York Knicks,115,Minnesota Timberwolves,110,https://r2.thesportsdb.com/images/media/event/poster/lrpwik1733080922.jpg,https://r2.thesportsdb.com/images/media/event/thumb/hs57ys1728329406.jpg
2165643,2024-10-13,Round 500,Boston Celtics,115,Toronto Raptors,111,https://r2.thesportsdb.com/images/media/event/poster/j78c901733080923.jpg,https://r2.thesportsdb.com/images/media/event/thumb/si18w21728329407.jpg
2165645,2024-10-14,Round 500,Golden State Warriors,111,Detroit Pistons,93,https://r2.thesportsdb.com/images/media/event/poster/ivyez51733080925.jpg,https://r2.thesportsdb.com/images/media/event/thumb/rxay6v1728329410.jpg
2165644,2024-10-14,Round 500,Denver Nuggets,114,Phoenix Suns,118,https://r2.thesportsdb.com/images/media/event/poster/gpx3g41733080925.jpg,https://r2.thesportsdb.com/images/media/event/thumb/ccosmc1728329409.jpg
2165646,2024-10-14,Round 500,Indiana Pacers,116,Memphis Grizzlies,120,https://r2.thesportsdb.com/images/media/event/poster/lygb7o1733080927.jpg,https://r2.thesportsdb.com/images/media/event/thumb/ienvl71728329412.jpg
2165648,2024-10-14,Round 500,Brooklyn Nets,131,Washington Wizards,92,https://r2.thesportsdb.com/images/media/event/poster/uz3kna1733080929.jpg,https://r2.thesportsdb.com/images/media/event/thumb/1s0qdr1728329416.jpg
2165647,2024-10-14,Round 500,Atlanta Hawks,89,Philadelphia 76ers,104,https://r2.thesportsdb.com/images/media/event/poster/9n7lsd1733080927.jpg,https://r2.thesportsdb.com/images/media/event/thumb/f4pdtx1728329415.jpg
2165649,2024-10-15,Round 500,Milwaukee Bucks,111,Chicago Bulls,107,https://r2.thesportsdb.com/images/media/event/poster/u2h6t11733080930.jpg,https://r2.thesportsdb.com/images/media/event/thumb/wh0yed1728329418.jpg
2165650,2024-10-15,Round 500,Los Angeles Clippers,110,Dallas Mavericks,96,https://r2.thesportsdb.com/images/media/event/poster/iqnfjc1733080931.jpg,https://r2.thesportsdb.com/images/media/event/thumb/1oiyuk1728329420.jpg
2165651,2024-10-15,Round 500,Toronto Raptors,119,Boston Celtics,118,https://r2.thesportsdb.com/images/media/event/poster/3xrt8q1733080932.jpg,https://r2.thesportsdb.com/images/media/event/thumb/uemo931728329422.jpg
2165652,2024-10-15,Round 500,New York Knicks,111,Charlotte Hornets,105,https://r2.thesportsdb.com/images/media/event/poster/viszg31733080934.jpg,https://r2.thesportsdb.com/images/media/event/thumb/svw3xt1728329423.jpg
2165653,2024-10-15,Round 500,Miami Heat,120,San Antonio Spurs,117,https://r2.thesportsdb.com/images/media/event/poster/9f8vrm1733080934.jpg,https://r2.thesportsdb.com/images/media/event/thumb/giihdn1728329425.jpg
2165654,2024-10-16,Round 500,Houston Rockets,118,New Orleans Pelicans,98,https://r2.thesportsdb.com/images/media/event/poster/92ekwp1733080936.jpg,https://r2.thesportsdb.com/images/media/event/thumb/seatyn1728329426.jpg
2165655,2024-10-16,Round 500,Denver Nuggets,94,Oklahoma City Thunder,124,https://r2.thesportsdb.com/images/media/event/poster/bahudt1733080938.jpg,https://r2.thesportsdb.com/images/media/event/thumb/hzk3jq1728329429.jpg
2165656,2024-10-16,Round 500,Utah Jazz,117,Sacramento Kings,114,https://r2.thesportsdb.com/images/media/event/poster/xtx8bw1733080937.jpg,https://r2.thesportsdb.com/images/media/event/thumb/4d4jl11728329428.jpg
2165657,2024-10-16,Round 500,Los Angeles Lakers,97,Golden State Warriors,111,https://r2.thesportsdb.com/images/media/event/poster/3kv38w1733080939.jpg,https://r2.thesportsdb.com/images/media/event/thumb/cz3vu61728329431.jpg
2165658,2024-10-16,Round 500,Detroit Pistons,108,Cleveland Cavaliers,92,https://r2.thesportsdb.com/images/media/event/poster/2wueq31733080940.jpg,https://r2.thesportsdb.com/images/media/event/thumb/bn6a1m1728329433.jpg
2165659,2024-10-16,Round 500,Philadelphia 76ers,117,Brooklyn Nets,95,https://r2.thesportsdb.com/images/media/event/poster/knkz6m1733080941.jpg,https://r2.thesportsdb.com/images/media/event/thumb/0ebgst1728329434.jpg
2165627,2024-10-16,Round 500,Miami Heat,120,Atlanta Hawks,111,https://r2.thesportsdb.com/images/media/event/poster/87f51y1733080943.jpg,https://r2.thesportsdb.com/images/media/event/thumb/gvp0881728329377.jpg
2165660,2024-10-17,Round 500,Chicago Bulls,125,Minnesota Timberwolves,123,https://r2.thesportsdb.com/images/media/event/poster/onioqt1733080944.jpg,https://r2.thesportsdb.com/images/media/event/thumb/8c25t91728329436.jpg
2165509,2024-10-17,Round 500,Portland Trail Blazers,111,Ulm,100,https://r2.thesportsdb.com/images/media/event/poster/xtep4d1733080945.jpg,https://r2.thesportsdb.com/images/media/event/thumb/zy77th1728329437.jpg
2165661,2024-10-17,Round 500,Indiana Pacers,121,Charlotte Hornets,116,https://r2.thesportsdb.com/images/media/event/poster/bvp12v1733080946.jpg,https://r2.thesportsdb.com/images/media/event/thumb/365hax1728329439.jpg
2165662,2024-10-17,Round 500,Dallas Mavericks,109,Milwaukee Bucks,84,https://r2.thesportsdb.com/images/media/event/poster/rzym7r1733080947.jpg,https://r2.thesportsdb.com/images/media/event/thumb/bt5ale1728329440.jpg
2165664,2024-10-18,Round 500,Oklahoma City Thunder,104,Atlanta Hawks,99,https://r2.thesportsdb.com/images/media/event/poster/18ad3w1733080949.jpg,https://r2.thesportsdb.com/images/media/event/thumb/b1ev3a1728329443.jpg
2165672,2024-10-18,Round 500,Minnesota Timberwolves,126,Denver Nuggets,132,https://r2.thesportsdb.com/images/media/event/poster/08rbpj1733080947.jpg,https://r2.thesportsdb.com/images/media/event/thumb/8g2ind1728329453.jpg
2165663,2024-10-18,Round 500,Houston Rockets,129,San Antonio Spurs,107,https://r2.thesportsdb.com/images/media/event/poster/smc1621733080950.jpg,https://r2.thesportsdb.com/images/media/event/thumb/ix3b971728329445.jpg
2165665,2024-10-18,Round 500,Phoenix Suns,122,Los Angeles Lakers,128,https://r2.thesportsdb.com/images/media/event/poster/6epvc71733080952.jpg,https://r2.thesportsdb.com/images/media/event/thumb/jw1mke1728329446.jpg
2165666,2024-10-18,Round 500,Los Angeles Clippers,113,Sacramento Kings,91,https://r2.thesportsdb.com/images/media/event/poster/knq7711733080953.jpg,https://r2.thesportsdb.com/images/media/event/thumb/14fioz1728329448.jpg
2165667,2024-10-18,Round 500,Orlando Magic,114,Philadelphia 76ers,99,https://r2.thesportsdb.com/images/media/event/poster/96pwhl1733080957.jpg,https://r2.thesportsdb.com/images/media/event/thumb/yhgwk51728329451.jpg
2165668,2024-10-18,Round 500,Washington Wizards,118,New York Knicks,117,https://r2.thesportsdb.com/images/media/event/poster/7nfgxj1733080955.jpg,https://r2.thesportsdb.com/images/media/event/thumb/02xo391728329449.jpg
2165669,2024-10-18,Round 500,Brooklyn Nets,112,Toronto Raptors,116,https://r2.thesportsdb.com/images/media/event/poster/fz79q71733080958.jpg,https://r2.thesportsdb.com/images/media/event/thumb/beb1tz1728329452.jpg
2165670,2024-10-19,Round 500,Chicago Bulls,139,Cleveland Cavaliers,137,https://r2.thesportsdb.com/images/media/event/poster/s3gczi1733080961.jpg,https://r2.thesportsdb.com/images/media/event/thumb/69olve1728329456.jpg
2165671,2024-10-19,Round 500,Memphis Grizzlies,109,Miami Heat,114,https://r2.thesportsdb.com/images/media/event/poster/c765it1733080959.jpg,https://r2.thesportsdb.com/images/media/event/thumb/ljwpsq1728329455.jpg
2165673,2024-10-19,Round 500,Portland Trail Blazers,124,Utah Jazz,86,https://r2.thesportsdb.com/images/media/event/poster/9is7v81733080962.jpg,https://r2.thesportsdb.com/images/media/event/thumb/imrv8k1728329458.jpg
2165674,2024-10-19,Round 500,Golden State Warriors,132,Los Angeles Lakers,74,https://r2.thesportsdb.com/images/media/event/poster/efk0wu1733080963.jpg,https://r2.thesportsdb.com/images/media/event/thumb/q9p7n61728329459.jpg
2140067,2024-10-22,Round 0,Boston Celtics,132,New York Knicks,109,https://r2.thesportsdb.com/images/media/event/poster/rpewyo1733080964.jpg,https://r2.thesportsdb.com/images/media/event/thumb/xqxss21728121624.jpg
2140068,2024-10-23,Round 0,Los Angeles Lakers,110,Minnesota Timberwolves,103,https://r2.thesportsdb.com/images/media/event/poster/6fk3hh1733080964.jpg,https://r2.thesportsdb.com/images/media/event/thumb/kob5o91728121626.jpg
2140069,2024-10-23,Round 0,Detroit Pistons,109,Indiana Pacers,115,https://r2.thesportsdb.com/images/media/event/poster/yfkh9u1733080966.jpg,https://r2.thesportsdb.com/images/media/event/thumb/v9bl561728121627.jpg
2140070,2024-10-23,Round 0,Atlanta Hawks,120,Brooklyn Nets,116,https://r2.thesportsdb.com/images/media/event/poster/a8evas1733080967.jpg,https://r2.thesportsdb.com/images/media/event/thumb/txkmd61728121629.jpg
2140071,2024-10-23,Round 0,Miami Heat,97,Orlando Magic,116,https://r2.thesportsdb.com/images/media/event/poster/iyp1xv1733080968.jpg,https://r2.thesportsdb.com/images/media/event/thumb/lm3sel1728121630.jpg
2140072,2024-10-23,Round 0,Philadelphia 76ers,109,Milwaukee Bucks,124,https://r2.thesportsdb.com/images/media/event/poster/bdd9as1733080969.jpg,https://r2.thesportsdb.com/images/media/event/thumb/ykhzc41728121631.jpg
2140073,2024-10-23,Round 0,Toronto Raptors,106,Cleveland Cavaliers,136,https://r2.thesportsdb.com/images/media/event/poster/5npu711733080970.jpg,https://r2.thesportsdb.com/images/media/event/thumb/y2kt2u1728121633.jpg
2140074,2024-10-24,Round 0,Houston Rockets,105,Charlotte Hornets,110,https://r2.thesportsdb.com/images/media/event/poster/let83p1733080971.jpg,https://r2.thesportsdb.com/images/media/event/thumb/5swa0z1728121634.jpg
2140075,2024-10-24,Round 0,New Orleans Pelicans,123,Chicago Bulls,111,https://r2.thesportsdb.com/images/media/event/poster/wnk2v31733080972.jpg,https://r2.thesportsdb.com/images/media/event/thumb/jo27h41728121636.jpg
2140076,2024-10-24,Round 0,Utah Jazz,124,Memphis Grizzlies,126,https://r2.thesportsdb.com/images/media/event/poster/1f5xes1733080973.jpg,https://r2.thesportsdb.com/images/media/event/thumb/5tsjzi1728121637.jpg
2140078,2024-10-24,Round 0,Portland Trail Blazers,104,Golden State Warriors,140,https://r2.thesportsdb.com/images/media/event/poster/znuzc31733080975.jpg,https://r2.thesportsdb.com/images/media/event/thumb/od2e1c1728121640.jpg
2140077,2024-10-24,Round 0,Los Angeles Clippers,113,Phoenix Suns,116,https://r2.thesportsdb.com/images/media/event/poster/g7rbye1733080974.jpg,https://r2.thesportsdb.com/images/media/event/thumb/z5fni41728121638.jpg
2140079,2024-10-24,Round 0,Washington Wizards,102,Boston Celtics,122,https://r2.thesportsdb.com/images/media/event/poster/q0g81h1733080976.jpg,https://r2.thesportsdb.com/images/media/event/thumb/yvsxxl1728121641.jpg
2140080,2024-10-24,Round 0,Dallas Mavericks,120,San Antonio Spurs,109,https://r2.thesportsdb.com/images/media/event/poster/nuxy0i1733080977.jpg,https://r2.thesportsdb.com/images/media/event/thumb/i0dpmz1728121642.jpg
2140081,2024-10-25,Round 0,Denver Nuggets,87,Oklahoma City Thunder,102,https://r2.thesportsdb.com/images/media/event/poster/1x6clu1733080979.jpg,https://r2.thesportsdb.com/images/media/event/thumb/0qxm0l1728121646.jpg
2140082,2024-10-25,Round 0,Sacramento Kings,115,Minnesota Timberwolves,117,https://r2.thesportsdb.com/images/media/event/poster/g8ap981733080977.jpg,https://r2.thesportsdb.com/images/media/event/thumb/0kf37h1728121644.jpg
2140083,2024-10-25,Round 0,Orlando Magic,116,Brooklyn Nets,101,https://r2.thesportsdb.com/images/media/event/poster/ruottq1733080980.jpg,https://r2.thesportsdb.com/images/media/event/thumb/frxn511728121647.jpg
2140084,2024-10-25,Round 0,Toronto Raptors,115,Philadelphia 76ers,107,https://r2.thesportsdb.com/images/media/event/poster/no4aut1733080981.jpg,https://r2.thesportsdb.com/images/media/event/thumb/hmiwk81728121649.jpg
2140086,2024-10-25,Round 0,Atlanta Hawks,125,Charlotte Hornets,120,https://r2.thesportsdb.com/images/media/event/poster/b17k3x1733080982.jpg,https://r2.thesportsdb.com/images/media/event/thumb/tcb5xd1728121651.jpg
2140085,2024-10-25,Round 0,New York Knicks,123,Indiana Pacers,98,https://r2.thesportsdb.com/images/media/event/poster/r8o3ae1733080983.jpg,https://r2.thesportsdb.com/images/media/event/thumb/2sjb8h1728121652.jpg
2140087,2024-10-25,Round 0,Cleveland Cavaliers,113,Detroit Pistons,101,https://r2.thesportsdb.com/images/media/event/poster/9a3lsa1733080985.jpg,https://r2.thesportsdb.com/images/media/event/thumb/c8pzjm1728121654.jpg
2140088,2024-10-26,Round 0,Houston Rockets,128,Memphis Grizzlies,108,https://r2.thesportsdb.com/images/media/event/poster/bikd3w1733080986.jpg,https://r2.thesportsdb.com/images/media/event/thumb/v4us931728121656.jpg
2140089,2024-10-26,Round 0,Milwaukee Bucks,122,Chicago Bulls,133,https://r2.thesportsdb.com/images/media/event/poster/vfqzxb1733080988.jpg,https://r2.thesportsdb.com/images/media/event/thumb/jkjt5x1728121657.jpg
2140090,2024-10-26,Round 0,Utah Jazz,86,Golden State Warriors,127,https://r2.thesportsdb.com/images/media/event/poster/23r2gf1733080988.jpg,https://r2.thesportsdb.com/images/media/event/thumb/m95mbd1728121659.jpg
2140092,2024-10-26,Round 0,Portland Trail Blazers,103,New Orleans Pelicans,105,https://r2.thesportsdb.com/images/media/event/poster/a2bnb01733080991.jpg,https://r2.thesportsdb.com/images/media/event/thumb/coynq31728121662.jpg
2140091,2024-10-26,Round 0,Los Angeles Lakers,123,Phoenix Suns,116,https://r2.thesportsdb.com/images/media/event/poster/mp7vna1733080990.jpg,https://r2.thesportsdb.com/images/media/event/thumb/qgha8h1728121660.jpg
2140093,2024-10-26,Round 0,Denver Nuggets,104,Los Angeles Clippers,109,https://r2.thesportsdb.com/images/media/event/poster/lqhkqe1733080992.jpg,https://r2.thesportsdb.com/images/media/event/thumb/1l7zwl1728121663.jpg
2140094,2024-10-26,Round 0,Washington Wizards,116,Cleveland Cavaliers,135,https://r2.thesportsdb.com/images/media/event/poster/pt7fio1733080993.jpg,https://r2.thesportsdb.com/images/media/event/thumb/ko9ars1728121665.jpg
2140095,2024-10-26,Round 0,Detroit Pistons,118,Boston Celtics,124,https://r2.thesportsdb.com/images/media/event/poster/t8uf1c1733080994.jpg,https://r2.thesportsdb.com/images/media/event/thumb/avdy4q1728121666.jpg
2140096,2024-10-26,Round 0,Charlotte Hornets,106,Miami Heat,114,https://r2.thesportsdb.com/images/media/event/poster/9pt9fh1733080994.jpg,https://r2.thesportsdb.com/images/media/event/thumb/6qjhpe1728121667.jpg
2140097,2024-10-27,Round 0,Chicago Bulls,95,Oklahoma City Thunder,114,https://r2.thesportsdb.com/images/media/event/poster/hfz7so1733080997.jpg,https://r2.thesportsdb.com/images/media/event/thumb/p7o8181728121674.jpg
2140098,2024-10-27,Round 0,Memphis Grizzlies,124,Orlando Magic,111,https://r2.thesportsdb.com/images/media/event/poster/uem5r01733080996.jpg,https://r2.thesportsdb.com/images/media/event/thumb/vit3cb1728121671.jpg
2140099,2024-10-27,Round 0,Minnesota Timberwolves,112,Toronto Raptors,101,https://r2.thesportsdb.com/images/media/event/poster/h80aj71733080995.jpg,https://r2.thesportsdb.com/images/media/event/thumb/bv2n6p1728121670.jpg
2140100,2024-10-27,Round 0,San Antonio Spurs,109,Houston Rockets,106,https://r2.thesportsdb.com/images/media/event/poster/c24xq01733080998.jpg,https://r2.thesportsdb.com/images/media/event/thumb/d0zor61728121675.jpg
2140101,2024-10-27,Round 0,Phoenix Suns,114,Dallas Mavericks,102,https://r2.thesportsdb.com/images/media/event/poster/3h02ul1733080999.jpg,https://r2.thesportsdb.com/images/media/event/thumb/bry6ja1728121676.jpg
2140102,2024-10-27,Round 0,Los Angeles Lakers,131,Sacramento Kings,127,https://r2.thesportsdb.com/images/media/event/poster/yy5pwx1733081001.jpg,https://r2.thesportsdb.com/images/media/event/thumb/y5fj1d1728121678.jpg
2140103,2024-10-27,Round 0,Indiana Pacers,114,Philadelphia 76ers,118,https://r2.thesportsdb.com/images/media/event/poster/j3dtsu1733081002.jpg,https://r2.thesportsdb.com/images/media/event/thumb/kmsio91728121680.jpg
2140105,2024-10-27,Round 0,Portland Trail Blazers,125,New Orleans Pelicans,103,https://r2.thesportsdb.com/images/media/event/poster/lsnptz1733081004.jpg,https://r2.thesportsdb.com/images/media/event/thumb/2pmwd11728121683.jpg
2140104,2024-10-27,Round 0,Brooklyn Nets,115,Milwaukee Bucks,102,https://r2.thesportsdb.com/images/media/event/poster/k3a2rn1733081002.jpg,https://r2.thesportsdb.com/images/media/event/thumb/kkwjk61728121681.jpg
2140106,2024-10-27,Round 0,Oklahoma City Thunder,128,Atlanta Hawks,104,https://r2.thesportsdb.com/images/media/event/poster/e3eqng1733081005.jpg,https://r2.thesportsdb.com/images/media/event/thumb/y4v2mc1728121685.jpg
2140107,2024-10-28,Round 0,Golden State Warriors,104,Los Angeles Clippers,112,https://r2.thesportsdb.com/images/media/event/poster/708k6f1733081006.jpg,https://r2.thesportsdb.com/images/media/event/thumb/bp03an1728121687.jpg
2140108,2024-10-28,Round 0,Orlando Magic,119,Indiana Pacers,115,https://r2.thesportsdb.com/images/media/event/poster/riwlad1733081007.jpg,https://r2.thesportsdb.com/images/media/event/thumb/irgrav1728121688.jpg
2140109,2024-10-28,Round 0,Atlanta Hawks,119,Washington Wizards,121,https://r2.thesportsdb.com/images/media/event/poster/mv9gud1733081013.jpg,https://r2.thesportsdb.com/images/media/event/thumb/lpanep1728121695.jpg
2140110,2024-10-28,Round 0,Boston Celtics,119,Milwaukee Bucks,108,https://r2.thesportsdb.com/images/media/event/poster/emp9on1733081012.jpg,https://r2.thesportsdb.com/images/media/event/thumb/tmjhcy1728121694.jpg
2140111,2024-10-28,Round 0,Miami Heat,106,Detroit Pistons,98,https://r2.thesportsdb.com/images/media/event/poster/3abam01733081010.jpg,https://r2.thesportsdb.com/images/media/event/thumb/kdp8xb1728121693.jpg
2140112,2024-10-28,Round 0,New York Knicks,104,Cleveland Cavaliers,110,https://r2.thesportsdb.com/images/media/event/poster/xl18431733081009.jpg,https://r2.thesportsdb.com/images/media/event/thumb/1kft181728121691.jpg
2140113,2024-10-28,Round 0,Toronto Raptors,125,Denver Nuggets,127,https://r2.thesportsdb.com/images/media/event/poster/9ukxlx1733081008.jpg,https://r2.thesportsdb.com/images/media/event/thumb/wkvy2i1728121690.jpg
2140114,2024-10-29,Round 0,San Antonio Spurs,101,Houston Rockets,106,https://r2.thesportsdb.com/images/media/event/poster/grc27q1733081015.jpg,https://r2.thesportsdb.com/images/media/event/thumb/k4xsax1728121698.jpg
2140115,2024-10-29,Round 0,Memphis Grizzlies,123,Chicago Bulls,126,https://r2.thesportsdb.com/images/media/event/poster/1eixod1733081014.jpg,https://r2.thesportsdb.com/images/media/event/thumb/md4q7f1728121697.jpg
2140116,2024-10-29,Round 0,Dallas Mavericks,110,Utah Jazz,102,https://r2.thesportsdb.com/images/media/event/poster/gslwep1733081017.jpg,https://r2.thesportsdb.com/images/media/event/thumb/qohdvr1728121700.jpg
2140117,2024-10-29,Round 0,Phoenix Suns,109,Los Angeles Lakers,105,https://r2.thesportsdb.com/images/media/event/poster/pvdwmf1733081018.jpg,https://r2.thesportsdb.com/images/media/event/thumb/rwyz5s1728121701.jpg
2140118,2024-10-29,Round 0,Sacramento Kings,111,Portland Trail Blazers,98,https://r2.thesportsdb.com/images/media/event/poster/agpeak1733081018.jpg,https://r2.thesportsdb.com/images/media/event/thumb/phlyl11728121702.jpg
2140119,2024-10-29,Round 0,Brooklyn Nets,139,Denver Nuggets,144,https://r2.thesportsdb.com/images/media/event/poster/hr0rz81733081019.jpg,https://r2.thesportsdb.com/images/media/event/thumb/kgibnu1728121704.jpg
2140120,2024-10-29,Round 0,Minnesota Timberwolves,114,Dallas Mavericks,120,https://r2.thesportsdb.com/images/media/event/poster/44tk3l1733081021.jpg,https://r2.thesportsdb.com/images/media/event/thumb/zen5kk1728121705.jpg
2140121,2024-10-30,Round 0,Utah Jazz,96,Sacramento Kings,113,https://r2.thesportsdb.com/images/media/event/poster/em490h1733081022.jpg,https://r2.thesportsdb.com/images/media/event/thumb/wsazkj1728121707.jpg
2140122,2024-10-30,Round 0,Golden State Warriors,124,New Orleans Pelicans,106,https://r2.thesportsdb.com/images/media/event/poster/hi1r6a1733081023.jpg,https://r2.thesportsdb.com/images/media/event/thumb/ajslx41728121709.jpg
2140123,2024-10-30,Round 0,Philadelphia 76ers,95,Detroit Pistons,105,https://r2.thesportsdb.com/images/media/event/poster/o4kejm1733081024.jpg,https://r2.thesportsdb.com/images/media/event/thumb/hpk2vh1728121710.jpg
2140124,2024-10-30,Round 0,Washington Wizards,133,Atlanta Hawks,120,https://r2.thesportsdb.com/images/media/event/poster/k7kur81733081025.jpg,https://r2.thesportsdb.com/images/media/event/thumb/w4a1z71728121712.jpg
2140125,2024-10-30,Round 0,Charlotte Hornets,138,Toronto Raptors,133,https://r2.thesportsdb.com/images/media/event/poster/tgyrs51733081026.jpg,https://r2.thesportsdb.com/images/media/event/thumb/eislec1728121714.jpg
2140126,2024-10-30,Round 0,Indiana Pacers,135,Boston Celtics,132,https://r2.thesportsdb.com/images/media/event/poster/ggt89t1733081026.jpg,https://r2.thesportsdb.com/images/media/event/thumb/0bey0t1728121716.jpg
2140127,2024-10-30,Round 0,Cleveland Cavaliers,134,Los Angeles Lakers,110,https://r2.thesportsdb.com/images/media/event/poster/auxihc1733081028.jpg,https://r2.thesportsdb.com/images/media/event/thumb/swj3kg1728121717.jpg
2140128,2024-10-30,Round 0,Miami Heat,107,New York Knicks,116,https://r2.thesportsdb.com/images/media/event/poster/06oj0e1733081029.jpg,https://r2.thesportsdb.com/images/media/event/thumb/8dn3bx1728121719.jpg
2140129,2024-10-31,Round 0,Chicago Bulls,102,Orlando Magic,99,https://r2.thesportsdb.com/images/media/event/poster/9ks6ka1733081030.jpg,https://r2.thesportsdb.com/images/media/event/thumb/jxrd9g1728121720.jpg
2140130,2024-10-31,Round 0,Memphis Grizzlies,106,Brooklyn Nets,119,https://r2.thesportsdb.com/images/media/event/poster/k7gzm41733081031.jpg,https://r2.thesportsdb.com/images/media/event/thumb/m16toz1728121722.jpg
2140131,2024-10-31,Round 0,Oklahoma City Thunder,105,San Antonio Spurs,93,https://r2.thesportsdb.com/images/media/event/poster/zba0yk1733081033.jpg,https://r2.thesportsdb.com/images/media/event/thumb/6od0ce1728121723.jpg
2140132,2024-10-31,Round 0,Golden State Warriors,104,New Orleans Pelicans,89,https://r2.thesportsdb.com/images/media/event/poster/ujd2u01733081034.jpg,https://r2.thesportsdb.com/images/media/event/thumb/xzhe321728121724.jpg
2140133,2024-10-31,Round 0,Los Angeles Clippers,105,Portland Trail Blazers,106,https://r2.thesportsdb.com/images/media/event/poster/b1gum31733081035.jpg,https://r2.thesportsdb.com/images/media/event/thumb/5ds3yf1728121726.jpg
2140134,2024-11-01,Round 0,Memphis Grizzlies,122,Milwaukee Bucks,99,https://r2.thesportsdb.com/images/media/event/poster/srt1d41733081037.jpg,https://r2.thesportsdb.com/images/media/event/thumb/tj16k61728121728.jpg
2140135,2024-11-01,Round 0,Dallas Mavericks,102,Houston Rockets,108,https://r2.thesportsdb.com/images/media/event/poster/15knpc1733081038.jpg,https://r2.thesportsdb.com/images/media/event/thumb/4te3291728121730.jpg
2140136,2024-11-01,Round 0,Utah Jazz,88,San Antonio Spurs,106,https://r2.thesportsdb.com/images/media/event/poster/v8l80c1733081039.jpg,https://r2.thesportsdb.com/images/media/event/thumb/z2svg01728121731.jpg
2140137,2024-11-01,Round 0,Los Angeles Clippers,119,Phoenix Suns,125,https://r2.thesportsdb.com/images/media/event/poster/znhbll1733081041.jpg,https://r2.thesportsdb.com/images/media/event/thumb/ej5sxw1728121732.jpg
2140138,2024-11-01,Round 0,Charlotte Hornets,109,Boston Celtics,124,https://r2.thesportsdb.com/images/media/event/poster/xj89zy1733081042.jpg,https://r2.thesportsdb.com/images/media/event/thumb/o84vxz1728121734.jpg
2140139,2024-11-01,Round 0,Cleveland Cavaliers,120,Orlando Magic,109,https://r2.thesportsdb.com/images/media/event/poster/z8m93z1733081044.jpg,https://r2.thesportsdb.com/images/media/event/thumb/dykhmy1728121735.jpg
2140140,2024-11-01,Round 0,Detroit Pistons,98,New York Knicks,128,https://r2.thesportsdb.com/images/media/event/poster/11novd1733081045.jpg,https://r2.thesportsdb.com/images/media/event/thumb/u1a3dx1728121737.jpg
2140141,2024-11-01,Round 0,Toronto Raptors,125,Los Angeles Lakers,131,https://r2.thesportsdb.com/images/media/event/poster/ukw0gw1733081047.jpg,https://r2.thesportsdb.com/images/media/event/thumb/6s8t1m1728121738.jpg
2140143,2024-11-01,Round 0,Atlanta Hawks,115,Sacramento Kings,123,https://r2.thesportsdb.com/images/media/event/poster/adq3do1733081051.jpg,https://r2.thesportsdb.com/images/media/event/thumb/f25y9n1728121741.jpg
2140142,2024-11-01,Round 0,Brooklyn Nets,120,Chicago Bulls,112,https://r2.thesportsdb.com/images/media/event/poster/815lmh1733081048.jpg,https://r2.thesportsdb.com/images/media/event/thumb/sv9cta1728121740.jpg
2140144,2024-11-02,Round 0,New Orleans Pelicans,125,Indiana Pacers,118,https://r2.thesportsdb.com/images/media/event/poster/cqj2l41733081052.jpg,https://r2.thesportsdb.com/images/media/event/thumb/4sq4711728121742.jpg
2140145,2024-11-02,Round 0,Minnesota Timberwolves,119,Denver Nuggets,116,https://r2.thesportsdb.com/images/media/event/poster/fg6jd71733081053.jpg,https://r2.thesportsdb.com/images/media/event/thumb/25i1j21728121744.jpg
2140146,2024-11-02,Round 0,Portland Trail Blazers,114,Oklahoma City Thunder,137,https://r2.thesportsdb.com/images/media/event/poster/nwdtr31733081055.jpg,https://r2.thesportsdb.com/images/media/event/thumb/ywz02o1728121745.jpg
2140147,2024-11-02,Round 0,Charlotte Hornets,103,Boston Celtics,113,https://r2.thesportsdb.com/images/media/event/poster/w2toe31733081056.jpg,https://r2.thesportsdb.com/images/media/event/thumb/s7wjfd1728121747.jpg
2140148,2024-11-02,Round 0,Philadelphia 76ers,107,Memphis Grizzlies,124,https://r2.thesportsdb.com/images/media/event/poster/qo4ulv1733081057.jpg,https://r2.thesportsdb.com/images/media/event/thumb/60xjay1728121748.jpg
2140149,2024-11-02,Round 0,Toronto Raptors,131,Sacramento Kings,128,https://r2.thesportsdb.com/images/media/event/poster/i1yfno1733081059.jpg,https://r2.thesportsdb.com/images/media/event/thumb/w3scpl1728121750.jpg
2140150,2024-11-03,Round 0,San Antonio Spurs,113,Minnesota Timberwolves,103,https://r2.thesportsdb.com/images/media/event/poster/rrqmwg1733081060.jpg,https://r2.thesportsdb.com/images/media/event/thumb/frgsbc1728121751.jpg
2140151,2024-11-03,Round 0,Milwaukee Bucks,113,Cleveland Cavaliers,114,https://r2.thesportsdb.com/images/media/event/poster/pgrrqd1733081061.jpg,https://r2.thesportsdb.com/images/media/event/thumb/eef4z41728121753.jpg
2140152,2024-11-03,Round 0,Houston Rockets,121,Golden State Warriors,127,https://r2.thesportsdb.com/images/media/event/poster/z1zssv1733081062.jpg,https://r2.thesportsdb.com/images/media/event/thumb/6t94e61728121755.jpg
2140153,2024-11-03,Round 0,Washington Wizards,98,Miami Heat,118,https://r2.thesportsdb.com/images/media/event/poster/37sb2n1733081062.jpg,https://r2.thesportsdb.com/images/media/event/thumb/ouw07q1728121757.jpg
2140154,2024-11-03,Round 0,Denver Nuggets,129,Utah Jazz,103,https://r2.thesportsdb.com/images/media/event/poster/vi4y971733081063.jpg,https://r2.thesportsdb.com/images/media/event/thumb/1lr0wm1728121758.jpg
2140155,2024-11-03,Round 0,Phoenix Suns,103,Portland Trail Blazers,97,https://r2.thesportsdb.com/images/media/event/poster/ytgg9m1733081064.jpg,https://r2.thesportsdb.com/images/media/event/thumb/uieknf1728121759.jpg
2140156,2024-11-03,Round 0,Los Angeles Clippers,92,Oklahoma City Thunder,105,https://r2.thesportsdb.com/images/media/event/poster/8zrzur1733081065.jpg,https://r2.thesportsdb.com/images/media/event/thumb/j1yzo01728121761.jpg
2140157,2024-11-03,Round 0,Brooklyn Nets,92,Detroit Pistons,106,https://r2.thesportsdb.com/images/media/event/poster/jjs6441733081066.jpg,https://r2.thesportsdb.com/images/media/event/thumb/fity3x1728121762.jpg
2140158,2024-11-04,Round 0,New Orleans Pelicans,111,Atlanta Hawks,126,https://r2.thesportsdb.com/images/media/event/poster/vxz3cf1733081067.jpg,https://r2.thesportsdb.com/images/media/event/thumb/br83rk1728121764.jpg
2140159,2024-11-04,Round 0,Dallas Mavericks,108,Orlando Magic,85,https://r2.thesportsdb.com/images/media/event/poster/4aqbmr1733081068.jpg,https://r2.thesportsdb.com/images/media/event/thumb/pl0eao1728121766.jpg
2140160,2024-11-05,Round 0,Cleveland Cavaliers,116,Milwaukee Bucks,114,https://r2.thesportsdb.com/images/media/event/poster/7k1gb81733081069.jpg,https://r2.thesportsdb.com/images/media/event/thumb/1hvwf71728121767.jpg
2140161,2024-11-05,Round 0,Washington Wizards,112,Golden State Warriors,125,https://r2.thesportsdb.com/images/media/event/poster/h59dx01733081070.jpg,https://r2.thesportsdb.com/images/media/event/thumb/hqtzbo1728121768.jpg
2140162,2024-11-05,Round 0,Detroit Pistons,115,Los Angeles Lakers,103,https://r2.thesportsdb.com/images/media/event/poster/gt4sqm1733081071.jpg,https://r2.thesportsdb.com/images/media/event/thumb/kk5ept1728121770.jpg
2140163,2024-11-05,Round 0,Atlanta Hawks,93,Boston Celtics,123,https://r2.thesportsdb.com/images/media/event/poster/ge75q31733081072.jpg,https://r2.thesportsdb.com/images/media/event/thumb/2ksabn1728121772.jpg
2140164,2024-11-05,Round 0,Brooklyn Nets,106,Memphis Grizzlies,104,https://r2.thesportsdb.com/images/media/event/poster/7o7loe1733081073.jpg,https://r2.thesportsdb.com/images/media/event/thumb/uwzdoq1728121773.jpg
2140165,2024-11-05,Round 0,Miami Heat,110,Sacramento Kings,111,https://r2.thesportsdb.com/images/media/event/poster/25pd3u1733081074.jpg,https://r2.thesportsdb.com/images/media/event/thumb/kg6bqm1728121774.jpg
2140166,2024-11-05,Round 0,Chicago Bulls,126,Utah Jazz,135,https://r2.thesportsdb.com/images/media/event/poster/bb5eut1733081075.jpg,https://r2.thesportsdb.com/images/media/event/thumb/i45l0k1728121776.jpg
2140167,2024-11-05,Round 0,Houston Rockets,109,New York Knicks,97,https://r2.thesportsdb.com/images/media/event/poster/632ct21733081076.jpg,https://r2.thesportsdb.com/images/media/event/thumb/56v8gr1728121777.jpg
2140168,2024-11-05,Round 0,Minnesota Timberwolves,114,Charlotte Hornets,93,https://r2.thesportsdb.com/images/media/event/poster/z4qtry1733081077.jpg,https://r2.thesportsdb.com/images/media/event/thumb/linjxx1728121779.jpg
2140169,2024-11-05,Round 0,Oklahoma City Thunder,102,Orlando Magic,86,https://r2.thesportsdb.com/images/media/event/poster/j2vtae1733081078.jpg,https://r2.thesportsdb.com/images/media/event/thumb/f3lzdi1728121781.jpg
2140170,2024-11-05,Round 0,New Orleans Pelicans,100,Portland Trail Blazers,118,https://r2.thesportsdb.com/images/media/event/poster/efw2xc1733081079.jpg,https://r2.thesportsdb.com/images/media/event/thumb/7ezjrx1728121782.jpg
2140171,2024-11-05,Round 0,Dallas Mavericks,127,Indiana Pacers,134,https://r2.thesportsdb.com/images/media/event/poster/xr8y2v1733081080.jpg,https://r2.thesportsdb.com/images/media/event/thumb/428hnd1728121783.jpg
2140172,2024-11-05,Round 0,Denver Nuggets,121,Toronto Raptors,119,https://r2.thesportsdb.com/images/media/event/poster/0n3hji1733081081.jpg,https://r2.thesportsdb.com/images/media/event/thumb/zvrd3v1728121785.jpg
2140173,2024-11-05,Round 0,Phoenix Suns,118,Philadelphia 76ers,116,https://r2.thesportsdb.com/images/media/event/poster/pf9vie1733081081.jpg,https://r2.thesportsdb.com/images/media/event/thumb/wjolpv1728121786.jpg
2140174,2024-11-05,Round 0,Los Angeles Clippers,113,San Antonio Spurs,104,https://r2.thesportsdb.com/images/media/event/poster/lv2gti1733081082.jpg,https://r2.thesportsdb.com/images/media/event/thumb/r7if2v1728121788.jpg
2140175,2024-11-07,Round 0,Charlotte Hornets,108,Detroit Pistons,107,https://r2.thesportsdb.com/images/media/event/poster/iemaxq1733081083.jpg,https://r2.thesportsdb.com/images/media/event/thumb/0chvjd1728121789.jpg
2140176,2024-11-07,Round 0,Indiana Pacers,118,Orlando Magic,111,https://r2.thesportsdb.com/images/media/event/poster/hiyey91733081083.jpg,https://r2.thesportsdb.com/images/media/event/thumb/9q8crb1728121791.jpg
2140177,2024-11-07,Round 0,Atlanta Hawks,121,New York Knicks,116,https://r2.thesportsdb.com/images/media/event/poster/mk5hlc1733081084.jpg,https://r2.thesportsdb.com/images/media/event/thumb/6dlhhz1728121792.jpg
2140178,2024-11-07,Round 0,Boston Celtics,112,Golden State Warriors,118,https://r2.thesportsdb.com/images/media/event/poster/9q54ar1733081085.jpg,https://r2.thesportsdb.com/images/media/event/thumb/8rvpyg1728121794.jpg
2140179,2024-11-07,Round 0,New Orleans Pelicans,122,Cleveland Cavaliers,131,https://r2.thesportsdb.com/images/media/event/poster/fcvan81733081085.jpg,https://r2.thesportsdb.com/images/media/event/thumb/h2e6n21728121795.jpg
2140180,2024-11-07,Round 0,Memphis Grizzlies,131,Los Angeles Lakers,114,https://r2.thesportsdb.com/images/media/event/poster/y8kxh51733081086.jpg,https://r2.thesportsdb.com/images/media/event/thumb/1zaotf1728121797.jpg
2140181,2024-11-07,Round 0,Houston Rockets,127,San Antonio Spurs,100,https://r2.thesportsdb.com/images/media/event/poster/xxmpc11733081087.jpg,https://r2.thesportsdb.com/images/media/event/thumb/uihrsv1728121799.jpg
2140182,2024-11-07,Round 0,Dallas Mavericks,119,Chicago Bulls,99,https://r2.thesportsdb.com/images/media/event/poster/x15u1h1733081088.jpg,https://r2.thesportsdb.com/images/media/event/thumb/8c826g1728121800.jpg
2140184,2024-11-07,Round 0,Phoenix Suns,115,Miami Heat,112,https://r2.thesportsdb.com/images/media/event/poster/7n323h1733081090.jpg,https://r2.thesportsdb.com/images/media/event/thumb/q5nwxr1728121803.jpg
2140183,2024-11-07,Round 0,Denver Nuggets,124,Oklahoma City Thunder,122,https://r2.thesportsdb.com/images/media/event/poster/k3106d1733081089.jpg,https://r2.thesportsdb.com/images/media/event/thumb/fz9kec1728121801.jpg
2140186,2024-11-07,Round 0,Sacramento Kings,122,Toronto Raptors,107,https://r2.thesportsdb.com/images/media/event/poster/kgb2a41733081092.jpg,https://r2.thesportsdb.com/images/media/event/thumb/kpsn6f1728121806.jpg
2140185,2024-11-07,Round 0,Los Angeles Clippers,110,Philadelphia 76ers,98,https://r2.thesportsdb.com/images/media/event/poster/vrhzlk1733081091.jpg,https://r2.thesportsdb.com/images/media/event/thumb/g4abkd1728121804.jpg
2140189,2024-11-08,Round 0,San Antonio Spurs,118,Portland Trail Blazers,105,https://r2.thesportsdb.com/images/media/event/poster/24eiz01733081096.jpg,https://r2.thesportsdb.com/images/media/event/thumb/p25z5h1728121810.jpg
2140187,2024-11-08,Round 0,Chicago Bulls,119,Minnesota Timberwolves,135,https://r2.thesportsdb.com/images/media/event/poster/92tyew1733081094.jpg,https://r2.thesportsdb.com/images/media/event/thumb/wm21wp1728121807.jpg
2140188,2024-11-08,Round 0,Milwaukee Bucks,123,Utah Jazz,100,https://r2.thesportsdb.com/images/media/event/poster/2nf61s1733081095.jpg,https://r2.thesportsdb.com/images/media/event/thumb/xe01gz1728121808.jpg
2140191,2024-11-09,Round 0,Charlotte Hornets,103,Indiana Pacers,83,https://r2.thesportsdb.com/images/media/event/poster/q81uwr1733081098.jpg,https://r2.thesportsdb.com/images/media/event/thumb/h9hv4k1728121813.jpg
2140190,2024-11-09,Round 0,Orlando Magic,115,New Orleans Pelicans,88,https://r2.thesportsdb.com/images/media/event/poster/nxqc1a1733081097.jpg,https://r2.thesportsdb.com/images/media/event/thumb/9jc7dl1728121811.jpg
2140192,2024-11-09,Round 0,Detroit Pistons,122,Atlanta Hawks,121,https://r2.thesportsdb.com/images/media/event/poster/rsc9hr1733081099.jpg,https://r2.thesportsdb.com/images/media/event/thumb/e4ovz91728121815.jpg
2140194,2024-11-09,Round 0,Cleveland Cavaliers,136,Golden State Warriors,117,https://r2.thesportsdb.com/images/media/event/poster/ulxxgg1733081101.jpg,https://r2.thesportsdb.com/images/media/event/thumb/hfpvg31728121818.jpg
2140193,2024-11-09,Round 0,Boston Celtics,108,Brooklyn Nets,104,https://r2.thesportsdb.com/images/media/event/poster/e8kqyp1733081100.jpg,https://r2.thesportsdb.com/images/media/event/thumb/6f1av51728121816.jpg
2140196,2024-11-09,Round 0,New York Knicks,116,Milwaukee Bucks,94,https://r2.thesportsdb.com/images/media/event/poster/yha6eo1733081104.jpg,https://r2.thesportsdb.com/images/media/event/thumb/4wpmxf1728121820.jpg
2140195,2024-11-09,Round 0,Dallas Mavericks,113,Phoenix Suns,114,https://r2.thesportsdb.com/images/media/event/poster/2rog5y1733081102.jpg,https://r2.thesportsdb.com/images/media/event/thumb/f6hytn1728121819.jpg
2140198,2024-11-09,Round 0,Oklahoma City Thunder,126,Houston Rockets,107,https://r2.thesportsdb.com/images/media/event/poster/3g4zbd1733081105.jpg,https://r2.thesportsdb.com/images/media/event/thumb/52z4nr1728121823.jpg
2140197,2024-11-09,Round 0,Memphis Grizzlies,128,Washington Wizards,104,https://r2.thesportsdb.com/images/media/event/poster/4lanzn1733081105.jpg,https://r2.thesportsdb.com/images/media/event/thumb/6590e81728121822.jpg
2140200,2024-11-09,Round 0,Minnesota Timberwolves,127,Portland Trail Blazers,102,https://r2.thesportsdb.com/images/media/event/poster/4zpuhc1733081107.jpg,https://r2.thesportsdb.com/images/media/event/thumb/cvq0d61728121826.jpg
2140199,2024-11-09,Round 0,Denver Nuggets,135,Miami Heat,122,https://r2.thesportsdb.com/images/media/event/poster/3srt8j1733081106.jpg,https://r2.thesportsdb.com/images/media/event/thumb/uavxty1728121825.jpg
2140201,2024-11-09,Round 0,Los Angeles Lakers,116,Philadelphia 76ers,106,https://r2.thesportsdb.com/images/media/event/poster/r1oy2t1733081108.jpg,https://r2.thesportsdb.com/images/media/event/thumb/eor9ga1728121829.jpg
2140202,2024-11-09,Round 0,Sacramento Kings,98,Los Angeles Clippers,107,https://r2.thesportsdb.com/images/media/event/poster/e3hebc1733081109.jpg,https://r2.thesportsdb.com/images/media/event/thumb/io1qvk1728121830.jpg
2140203,2024-11-09,Round 0,San Antonio Spurs,110,Utah Jazz,111,https://r2.thesportsdb.com/images/media/event/poster/4i84uh1733081110.jpg,https://r2.thesportsdb.com/images/media/event/thumb/34x2hr1728121832.jpg
2140204,2024-11-10,Round 0,Atlanta Hawks,113,Chicago Bulls,125,https://r2.thesportsdb.com/images/media/event/poster/gpijly1733081111.jpg,https://r2.thesportsdb.com/images/media/event/thumb/zynrwc1728121833.jpg
2140205,2024-11-10,Round 0,Cleveland Cavaliers,105,Brooklyn Nets,100,https://r2.thesportsdb.com/images/media/event/poster/54vckp1733081113.jpg,https://r2.thesportsdb.com/images/media/event/thumb/uy1j381728121834.jpg
2140206,2024-11-10,Round 0,Los Angeles Clippers,105,Toronto Raptors,103,https://r2.thesportsdb.com/images/media/event/poster/pm2nzy1733081113.jpg,https://r2.thesportsdb.com/images/media/event/thumb/qofhfw1728121836.jpg
2140207,2024-11-10,Round 0,Detroit Pistons,99,Houston Rockets,101,https://r2.thesportsdb.com/images/media/event/poster/fn2az71733081114.jpg,https://r2.thesportsdb.com/images/media/event/thumb/7pa9rm1728121838.jpg
2140208,2024-11-10,Round 0,Milwaukee Bucks,107,Boston Celtics,113,https://r2.thesportsdb.com/images/media/event/poster/dt6btn1733081115.jpg,https://r2.thesportsdb.com/images/media/event/thumb/9qitbm1728121839.jpg
2140209,2024-11-10,Round 0,Indiana Pacers,132,New York Knicks,121,https://r2.thesportsdb.com/images/media/event/poster/2dsjud1733081116.jpg,https://r2.thesportsdb.com/images/media/event/thumb/1yagsd1728121840.jpg
2140210,2024-11-10,Round 0,Orlando Magic,121,Washington Wizards,94,https://r2.thesportsdb.com/images/media/event/poster/n2zokm1733081117.jpg,https://r2.thesportsdb.com/images/media/event/thumb/m1j72i1728121842.jpg
2140213,2024-11-11,Round 0,Philadelphia 76ers,107,Charlotte Hornets,105,https://r2.thesportsdb.com/images/media/event/poster/wlf9zg1733081120.jpg,https://r2.thesportsdb.com/images/media/event/thumb/fovs211728121848.jpg
2140212,2024-11-11,Round 0,Oklahoma City Thunder,116,Golden State Warriors,127,https://r2.thesportsdb.com/images/media/event/poster/3xxw0n1733081119.jpg,https://r2.thesportsdb.com/images/media/event/thumb/5p5wis1728121843.jpg
2140211,2024-11-11,Round 0,Minnesota Timberwolves,94,Miami Heat,95,https://r2.thesportsdb.com/images/media/event/poster/hvnez01733081121.jpg,https://r2.thesportsdb.com/images/media/event/thumb/o81xca1728121849.jpg
2140215,2024-11-11,Round 0,Phoenix Suns,118,Sacramento Kings,127,https://r2.thesportsdb.com/images/media/event/poster/x1gh241733081124.jpg,https://r2.thesportsdb.com/images/media/event/thumb/v23uso1728121853.jpg
2140214,2024-11-11,Round 0,Denver Nuggets,122,Dallas Mavericks,120,https://r2.thesportsdb.com/images/media/event/poster/78aowf1733081122.jpg,https://r2.thesportsdb.com/images/media/event/thumb/6oofxk1728121851.jpg
2140216,2024-11-11,Round 0,Portland Trail Blazers,89,Memphis Grizzlies,134,https://r2.thesportsdb.com/images/media/event/poster/9uz90r1733081125.jpg,https://r2.thesportsdb.com/images/media/event/thumb/s74qs91728121854.jpg
2140217,2024-11-11,Round 0,Los Angeles Lakers,123,Toronto Raptors,103,https://r2.thesportsdb.com/images/media/event/poster/xika581733081125.jpg,https://r2.thesportsdb.com/images/media/event/thumb/eitfm91728121856.jpg
2140221,2024-11-12,Round 0,Oklahoma City Thunder,134,Los Angeles Clippers,128,https://r2.thesportsdb.com/images/media/event/poster/963dd71733081130.jpg,https://r2.thesportsdb.com/images/media/event/thumb/1txa8o1728121864.jpg
2140222,2024-11-12,Round 0,New Orleans Pelicans,105,Brooklyn Nets,107,https://r2.thesportsdb.com/images/media/event/poster/ukgl9q1733081131.jpg,https://r2.thesportsdb.com/images/media/event/thumb/e384y51728121865.jpg
2140220,2024-11-12,Round 0,Houston Rockets,107,Washington Wizards,92,https://r2.thesportsdb.com/images/media/event/poster/89cwsi1733081129.jpg,https://r2.thesportsdb.com/images/media/event/thumb/hfz7941728121860.jpg
2140219,2024-11-12,Round 0,San Antonio Spurs,116,Sacramento Kings,96,https://r2.thesportsdb.com/images/media/event/poster/bi62vb1733081127.jpg,https://r2.thesportsdb.com/images/media/event/thumb/2b06d11728121859.jpg
2140218,2024-11-12,Round 0,Chicago Bulls,113,Cleveland Cavaliers,119,https://r2.thesportsdb.com/images/media/event/poster/orgrvk1733081126.jpg,https://r2.thesportsdb.com/images/media/event/thumb/4ppg1a1728121857.jpg
2140225,2024-11-13,Round 0,Orlando Magic,114,Charlotte Hornets,89,https://r2.thesportsdb.com/images/media/event/poster/1ebut41733081135.jpg,https://r2.thesportsdb.com/images/media/event/thumb/smef9q1728121869.jpg
2140224,2024-11-13,Round 0,Detroit Pistons,123,Miami Heat,121,https://r2.thesportsdb.com/images/media/event/poster/w6a03c1733081133.jpg,https://r2.thesportsdb.com/images/media/event/thumb/6r6or91728121868.jpg
2140223,2024-11-13,Round 0,Boston Celtics,116,Atlanta Hawks,117,https://r2.thesportsdb.com/images/media/event/poster/sufayj1733081132.jpg,https://r2.thesportsdb.com/images/media/event/thumb/8qwwu21728121866.jpg
2140226,2024-11-13,Round 0,Philadelphia 76ers,99,New York Knicks,111,https://r2.thesportsdb.com/images/media/event/poster/cjmet41733081135.jpg,https://r2.thesportsdb.com/images/media/event/thumb/3w3td81728121871.jpg
2140227,2024-11-13,Round 0,Milwaukee Bucks,99,Toronto Raptors,85,https://r2.thesportsdb.com/images/media/event/poster/q3yn4f1733081136.jpg,https://r2.thesportsdb.com/images/media/event/thumb/qk9pyo1728121872.jpg
2140228,2024-11-13,Round 0,Utah Jazz,112,Phoenix Suns,120,https://r2.thesportsdb.com/images/media/event/poster/0yljmv1733081137.jpg,https://r2.thesportsdb.com/images/media/event/thumb/ejont21728121874.jpg
2140229,2024-11-13,Round 0,Golden State Warriors,120,Dallas Mavericks,117,https://r2.thesportsdb.com/images/media/event/poster/1a9x5y1733081138.jpg,https://r2.thesportsdb.com/images/media/event/thumb/hm5tcn1728121876.jpg
2140230,2024-11-13,Round 0,Portland Trail Blazers,122,Minnesota Timberwolves,108,https://r2.thesportsdb.com/images/media/event/poster/0u1apg1733081139.jpg,https://r2.thesportsdb.com/images/media/event/thumb/macwoa1728121877.jpg
2140231,2024-11-14,Round 0,Orlando Magic,94,Indiana Pacers,90,https://r2.thesportsdb.com/images/media/event/poster/169rpw1733081140.jpg,https://r2.thesportsdb.com/images/media/event/thumb/yw9a1c1728121879.jpg
2140232,2024-11-14,Round 0,Brooklyn Nets,114,Boston Celtics,139,https://r2.thesportsdb.com/images/media/event/poster/ytkruf1733081143.jpg,https://r2.thesportsdb.com/images/media/event/thumb/cujp421728121885.jpg
2140233,2024-11-14,Round 0,New York Knicks,123,Chicago Bulls,124,https://r2.thesportsdb.com/images/media/event/poster/j0h3zz1733081141.jpg,https://r2.thesportsdb.com/images/media/event/thumb/fchn4j1728121880.jpg
2140234,2024-11-14,Round 0,Oklahoma City Thunder,106,New Orleans Pelicans,88,https://r2.thesportsdb.com/images/media/event/poster/fyxy6j1733081141.jpg,https://r2.thesportsdb.com/images/media/event/thumb/fr8oio1728121882.jpg
2140235,2024-11-14,Round 0,Philadelphia 76ers,106,Cleveland Cavaliers,114,https://r2.thesportsdb.com/images/media/event/poster/g4n56q1733081142.jpg,https://r2.thesportsdb.com/images/media/event/thumb/mjzbtn1728121883.jpg
2140237,2024-11-14,Round 0,Houston Rockets,111,Los Angeles Clippers,103,https://r2.thesportsdb.com/images/media/event/poster/7rmcfp1733081147.jpg,https://r2.thesportsdb.com/images/media/event/thumb/docqx91728121890.jpg
2140238,2024-11-14,Round 0,Milwaukee Bucks,127,Detroit Pistons,120,https://r2.thesportsdb.com/images/media/event/poster/3jo3l81733081146.jpg,https://r2.thesportsdb.com/images/media/event/thumb/0m3qha1728121888.jpg
2140236,2024-11-14,Round 0,San Antonio Spurs,139,Washington Wizards,130,https://r2.thesportsdb.com/images/media/event/poster/hrrkt01733081145.jpg,https://r2.thesportsdb.com/images/media/event/thumb/r0jj591728121886.jpg
2140239,2024-11-14,Round 0,Portland Trail Blazers,106,Minnesota Timberwolves,98,https://r2.thesportsdb.com/images/media/event/poster/j9t75q1733081149.jpg,https://r2.thesportsdb.com/images/media/event/thumb/f9ciek1728121893.jpg
2140240,2024-11-14,Round 0,Sacramento Kings,127,Phoenix Suns,104,https://r2.thesportsdb.com/images/media/event/poster/ys4f251733081148.jpg,https://r2.thesportsdb.com/images/media/event/thumb/pjqy8h1728121891.jpg
2140241,2024-11-14,Round 0,Los Angeles Lakers,128,Memphis Grizzlies,123,https://r2.thesportsdb.com/images/media/event/poster/6lrdaq1733081150.jpg,https://r2.thesportsdb.com/images/media/event/thumb/ahkrd91728121895.jpg
2140242,2024-11-15,Round 0,Utah Jazz,115,Dallas Mavericks,113,https://r2.thesportsdb.com/images/media/event/poster/istxdf1733081151.jpg,https://r2.thesportsdb.com/images/media/event/thumb/1klmw21728121896.jpg
2140243,2024-11-16,Round 0,Indiana Pacers,111,Miami Heat,124,https://r2.thesportsdb.com/images/media/event/poster/e2uv9y1733081153.jpg,https://r2.thesportsdb.com/images/media/event/thumb/e7nqk91728121899.jpg
2140244,2024-11-16,Round 0,Orlando Magic,98,Philadelphia 76ers,86,https://r2.thesportsdb.com/images/media/event/poster/3t0nj01733081152.jpg,https://r2.thesportsdb.com/images/media/event/thumb/g605io1728121898.jpg
2140245,2024-11-16,Round 0,Toronto Raptors,95,Detroit Pistons,99,https://r2.thesportsdb.com/images/media/event/poster/szp80w1733081154.jpg,https://r2.thesportsdb.com/images/media/event/thumb/3agdx81728121901.jpg
2140246,2024-11-16,Round 0,San Antonio Spurs,115,Los Angeles Lakers,120,https://r2.thesportsdb.com/images/media/event/poster/py1di81733081156.jpg,https://r2.thesportsdb.com/images/media/event/thumb/v337gc1728121904.jpg
2140247,2024-11-16,Round 0,Atlanta Hawks,129,Washington Wizards,117,https://r2.thesportsdb.com/images/media/event/poster/u6okgw1733081158.jpg,https://r2.thesportsdb.com/images/media/event/thumb/pebjtd1728121906.jpg
2140248,2024-11-16,Round 0,New York Knicks,124,Brooklyn Nets,122,https://r2.thesportsdb.com/images/media/event/poster/7j1qz91733081155.jpg,https://r2.thesportsdb.com/images/media/event/thumb/bw6kv11728121902.jpg
2140249,2024-11-16,Round 0,Cleveland Cavaliers,144,Chicago Bulls,126,https://r2.thesportsdb.com/images/media/event/poster/kavfrh1733081159.jpg,https://r2.thesportsdb.com/images/media/event/thumb/68ny2m1728121907.jpg
2140250,2024-11-16,Round 0,Houston Rockets,125,Los Angeles Clippers,104,https://r2.thesportsdb.com/images/media/event/poster/i36toy1733081159.jpg,https://r2.thesportsdb.com/images/media/event/thumb/cvezn21728121908.jpg
2140251,2024-11-16,Round 0,New Orleans Pelicans,101,Denver Nuggets,94,https://r2.thesportsdb.com/images/media/event/poster/1usj4c1733081160.jpg,https://r2.thesportsdb.com/images/media/event/thumb/xhnkly1728121910.jpg
2140252,2024-11-16,Round 0,Oklahoma City Thunder,99,Phoenix Suns,83,https://r2.thesportsdb.com/images/media/event/poster/natand1733081162.jpg,https://r2.thesportsdb.com/images/media/event/thumb/y75d691728121911.jpg
2140253,2024-11-16,Round 0,Golden State Warriors,123,Memphis Grizzlies,118,https://r2.thesportsdb.com/images/media/event/poster/dlae6p1733081164.jpg,https://r2.thesportsdb.com/images/media/event/thumb/9j0gsa1728121915.jpg
2140254,2024-11-16,Round 0,Sacramento Kings,126,Minnesota Timberwolves,130,https://r2.thesportsdb.com/images/media/event/poster/8u8xpw1733081163.jpg,https://r2.thesportsdb.com/images/media/event/thumb/hof67g1728121913.jpg
2140255,2024-11-16,Round 0,Charlotte Hornets,115,Milwaukee Bucks,114,https://r2.thesportsdb.com/images/media/event/poster/bv86fy1733081165.jpg,https://r2.thesportsdb.com/images/media/event/thumb/ejcwru1728121916.jpg
2140256,2024-11-17,Round 0,New Orleans Pelicans,99,Los Angeles Lakers,104,https://r2.thesportsdb.com/images/media/event/poster/netyde1733081167.jpg,https://r2.thesportsdb.com/images/media/event/thumb/3mglvg1728121919.jpg
2140257,2024-11-17,Round 0,Boston Celtics,126,Toronto Raptors,123,https://r2.thesportsdb.com/images/media/event/poster/ny0nd21733081167.jpg,https://r2.thesportsdb.com/images/media/event/thumb/0i07ql1728121918.jpg
2140258,2024-11-17,Round 0,Dallas Mavericks,110,San Antonio Spurs,93,https://r2.thesportsdb.com/images/media/event/poster/h7xhk81733081168.jpg,https://r2.thesportsdb.com/images/media/event/thumb/yj89pg1728121921.jpg
2140259,2024-11-17,Round 0,Sacramento Kings,121,Utah Jazz,117,https://r2.thesportsdb.com/images/media/event/poster/djzwgz1733081169.jpg,https://r2.thesportsdb.com/images/media/event/thumb/2ud53s1728121922.jpg
2140260,2024-11-17,Round 0,Minnesota Timberwolves,120,Phoenix Suns,117,https://r2.thesportsdb.com/images/media/event/poster/8geopd1733081170.jpg,https://r2.thesportsdb.com/images/media/event/thumb/a1trvy1728121923.jpg
2140261,2024-11-17,Round 0,Indiana Pacers,119,Miami Heat,110,https://r2.thesportsdb.com/images/media/event/poster/xhg4fd1733081171.jpg,https://r2.thesportsdb.com/images/media/event/thumb/59uwen1728121925.jpg
2140262,2024-11-17,Round 0,Portland Trail Blazers,114,Atlanta Hawks,110,https://r2.thesportsdb.com/images/media/event/poster/p686mi1733081173.jpg,https://r2.thesportsdb.com/images/media/event/thumb/n5v19w1728121928.jpg
2140264,2024-11-17,Round 0,Memphis Grizzlies,105,Denver Nuggets,90,https://r2.thesportsdb.com/images/media/event/poster/7r1zch1733081175.jpg,https://r2.thesportsdb.com/images/media/event/thumb/riow6t1728121929.jpg
2140263,2024-11-17,Round 0,Washington Wizards,104,Detroit Pistons,124,https://r2.thesportsdb.com/images/media/event/poster/co2thu1733081175.jpg,https://r2.thesportsdb.com/images/media/event/thumb/v1vrcq1728121931.jpg
2140265,2024-11-17,Round 0,Cleveland Cavaliers,128,Charlotte Hornets,114,https://r2.thesportsdb.com/images/media/event/poster/40ciet1733081172.jpg,https://r2.thesportsdb.com/images/media/event/thumb/nux40j1728121926.jpg
2140266,2024-11-18,Round 0,Chicago Bulls,107,Houston Rockets,143,https://r2.thesportsdb.com/images/media/event/poster/98dvp31733081177.jpg,https://r2.thesportsdb.com/images/media/event/thumb/jdc95u1728121935.jpg
2140267,2024-11-18,Round 0,New York Knicks,114,Brooklyn Nets,104,https://r2.thesportsdb.com/images/media/event/poster/nisw5g1733081176.jpg,https://r2.thesportsdb.com/images/media/event/thumb/kngfp61728121933.jpg
2140268,2024-11-18,Round 0,Oklahoma City Thunder,119,Dallas Mavericks,121,https://r2.thesportsdb.com/images/media/event/poster/u6kvwg1733081178.jpg,https://r2.thesportsdb.com/images/media/event/thumb/sl92so1728121937.jpg
2140269,2024-11-18,Round 0,Los Angeles Clippers,116,Utah Jazz,105,https://r2.thesportsdb.com/images/media/event/poster/1re89y1733081179.jpg,https://r2.thesportsdb.com/images/media/event/thumb/drt4k11728121939.jpg
2140270,2024-11-19,Round 0,Detroit Pistons,112,Chicago Bulls,122,https://r2.thesportsdb.com/images/media/event/poster/ykbay61733081180.jpg,https://r2.thesportsdb.com/images/media/event/thumb/g1jznk1728121941.jpg
2140273,2024-11-19,Round 0,Toronto Raptors,130,Indiana Pacers,119,https://r2.thesportsdb.com/images/media/event/poster/m8x9l01733081183.jpg,https://r2.thesportsdb.com/images/media/event/thumb/gyu9hr1728121946.jpg
2140272,2024-11-19,Round 0,New York Knicks,134,Washington Wizards,106,https://r2.thesportsdb.com/images/media/event/poster/9hopbh1733081181.jpg,https://r2.thesportsdb.com/images/media/event/thumb/6ep80b1728121943.jpg
2140271,2024-11-19,Round 0,Miami Heat,106,Philadelphia 76ers,89,https://r2.thesportsdb.com/images/media/event/poster/z7h8rq1733081182.jpg,https://r2.thesportsdb.com/images/media/event/thumb/u29s6s1728121944.jpg
2140274,2024-11-19,Round 0,Milwaukee Bucks,101,Houston Rockets,100,https://r2.thesportsdb.com/images/media/event/poster/tg30j41733081185.jpg,https://r2.thesportsdb.com/images/media/event/thumb/sxho8s1728121947.jpg
2140275,2024-11-19,Round 0,Phoenix Suns,99,Orlando Magic,109,https://r2.thesportsdb.com/images/media/event/poster/qur1541733081186.jpg,https://r2.thesportsdb.com/images/media/event/thumb/rkx1rg1728121948.jpg
2140276,2024-11-19,Round 0,Sacramento Kings,108,Atlanta Hawks,109,https://r2.thesportsdb.com/images/media/event/poster/sfphz31733081186.jpg,https://r2.thesportsdb.com/images/media/event/thumb/szdryq1728121950.jpg
2140277,2024-11-19,Round 0,Los Angeles Clippers,102,Golden State Warriors,99,https://r2.thesportsdb.com/images/media/event/poster/banohs1733081187.jpg,https://r2.thesportsdb.com/images/media/event/thumb/cbqzjb1728121952.jpg
2140278,2024-11-20,Round 0,Boston Celtics,120,Cleveland Cavaliers,117,https://r2.thesportsdb.com/images/media/event/poster/fh0y241733081188.jpg,https://r2.thesportsdb.com/images/media/event/thumb/b155jq1728121953.jpg
2140279,2024-11-20,Round 0,Brooklyn Nets,116,Charlotte Hornets,115,https://r2.thesportsdb.com/images/media/event/poster/5wxemm1733081189.jpg,https://r2.thesportsdb.com/images/media/event/thumb/d61kgs1728121954.jpg
2140280,2024-11-20,Round 0,Memphis Grizzlies,110,Denver Nuggets,122,https://r2.thesportsdb.com/images/media/event/poster/0j7bjx1733081190.jpg,https://r2.thesportsdb.com/images/media/event/thumb/uvyl521728121956.jpg
2140281,2024-11-20,Round 0,Dallas Mavericks,132,New Orleans Pelicans,91,https://r2.thesportsdb.com/images/media/event/poster/xhzfaw1733081191.jpg,https://r2.thesportsdb.com/images/media/event/thumb/b1dri71728121957.jpg
2140282,2024-11-20,Round 0,San Antonio Spurs,110,Oklahoma City Thunder,104,https://r2.thesportsdb.com/images/media/event/poster/3uns0i1733081192.jpg,https://r2.thesportsdb.com/images/media/event/thumb/mizzlr1728121958.jpg
2140283,2024-11-20,Round 0,Los Angeles Lakers,124,Utah Jazz,118,https://r2.thesportsdb.com/images/media/event/poster/fnx8za1733081193.jpg,https://r2.thesportsdb.com/images/media/event/thumb/o2wjjt1728121960.jpg
2140284,2024-11-21,Round 0,Cleveland Cavaliers,128,New Orleans Pelicans,100,https://r2.thesportsdb.com/images/media/event/poster/xihz0p1733081196.jpg,https://r2.thesportsdb.com/images/media/event/thumb/44g96o1728121963.jpg
2140285,2024-11-21,Round 0,Milwaukee Bucks,122,Chicago Bulls,106,https://r2.thesportsdb.com/images/media/event/poster/b8l5x41733081194.jpg,https://r2.thesportsdb.com/images/media/event/thumb/0x5cjt1728121961.jpg
2140286,2024-11-21,Round 0,Houston Rockets,130,Indiana Pacers,113,https://r2.thesportsdb.com/images/media/event/poster/uumyx21733081198.jpg,https://r2.thesportsdb.com/images/media/event/thumb/0bagk91728121966.jpg
2140287,2024-11-21,Round 0,Memphis Grizzlies,117,Philadelphia 76ers,111,https://r2.thesportsdb.com/images/media/event/poster/lzpair1733081199.jpg,https://r2.thesportsdb.com/images/media/event/thumb/0w96h61728121968.jpg
2140288,2024-11-21,Round 0,Oklahoma City Thunder,109,Portland Trail Blazers,99,https://r2.thesportsdb.com/images/media/event/poster/0d4m1y1733081197.jpg,https://r2.thesportsdb.com/images/media/event/thumb/0d2roq1728121964.jpg
2140289,2024-11-21,Round 0,Golden State Warriors,120,Atlanta Hawks,97,https://r2.thesportsdb.com/images/media/event/poster/ubtwgv1733081202.jpg,https://r2.thesportsdb.com/images/media/event/thumb/s6ph2o1728121971.jpg
2140290,2024-11-21,Round 0,Phoenix Suns,122,New York Knicks,138,https://r2.thesportsdb.com/images/media/event/poster/o64sll1733081200.jpg,https://r2.thesportsdb.com/images/media/event/thumb/uj0p741728121969.jpg
2140291,2024-11-21,Round 0,Los Angeles Clippers,104,Orlando Magic,93,https://r2.thesportsdb.com/images/media/event/poster/yka37l1733081202.jpg,https://r2.thesportsdb.com/images/media/event/thumb/flowih1728121972.jpg
2140292,2024-11-22,Round 0,Charlotte Hornets,123,Detroit Pistons,121,https://r2.thesportsdb.com/images/media/event/poster/dn3qv71733081203.jpg,https://r2.thesportsdb.com/images/media/event/thumb/8i8ej31728121974.jpg
2140293,2024-11-22,Round 0,Toronto Raptors,110,Minnesota Timberwolves,105,https://r2.thesportsdb.com/images/media/event/poster/kmh5iy1733081204.jpg,https://r2.thesportsdb.com/images/media/event/thumb/n5r44i1728121975.jpg
2140294,2024-11-22,Round 0,San Antonio Spurs,126,Utah Jazz,118,https://r2.thesportsdb.com/images/media/event/poster/bz1vrg1733081205.jpg,https://r2.thesportsdb.com/images/media/event/thumb/sf9pc71728121977.jpg
2140295,2024-11-22,Round 0,Los Angeles Lakers,118,Orlando Magic,119,https://r2.thesportsdb.com/images/media/event/poster/i0bzs91733081206.jpg,https://r2.thesportsdb.com/images/media/event/thumb/czlke51728121979.jpg
2140297,2024-11-23,Round 0,Washington Wizards,96,Boston Celtics,108,https://r2.thesportsdb.com/images/media/event/poster/0aevrb1733081208.jpg,https://r2.thesportsdb.com/images/media/event/thumb/d14mu51728121982.jpg
2140296,2024-11-23,Round 0,Philadelphia 76ers,113,Brooklyn Nets,98,https://r2.thesportsdb.com/images/media/event/poster/ndagbw1733081207.jpg,https://r2.thesportsdb.com/images/media/event/thumb/49t6dt1728121981.jpg
2140301,2024-11-23,Round 0,New Orleans Pelicans,108,Golden State Warriors,112,https://r2.thesportsdb.com/images/media/event/poster/yq7u991733081210.jpg,https://r2.thesportsdb.com/images/media/event/thumb/ex7uo21728121989.jpg
2140300,2024-11-23,Round 0,Houston Rockets,116,Portland Trail Blazers,88,https://r2.thesportsdb.com/images/media/event/poster/rlz5a61733081211.jpg,https://r2.thesportsdb.com/images/media/event/thumb/k786ht1728121987.jpg
2140299,2024-11-23,Round 0,Chicago Bulls,136,Atlanta Hawks,122,https://r2.thesportsdb.com/images/media/event/poster/zlq0yd1733081211.jpg,https://r2.thesportsdb.com/images/media/event/thumb/97xv1a1728121986.jpg
2140298,2024-11-23,Round 0,Milwaukee Bucks,129,Indiana Pacers,117,https://r2.thesportsdb.com/images/media/event/poster/n7obyl1733081212.jpg,https://r2.thesportsdb.com/images/media/event/thumb/ikszo11728121984.jpg
2140302,2024-11-23,Round 0,Denver Nuggets,120,Dallas Mavericks,123,https://r2.thesportsdb.com/images/media/event/poster/qit4v51733081214.jpg,https://r2.thesportsdb.com/images/media/event/thumb/iv04xd1728121990.jpg
2140303,2024-11-23,Round 0,Los Angeles Clippers,104,Sacramento Kings,88,https://r2.thesportsdb.com/images/media/event/poster/1esd631733081214.jpg,https://r2.thesportsdb.com/images/media/event/thumb/jq8nis1728121993.jpg
2140304,2024-11-23,Round 0,Utah Jazz,121,New York Knicks,106,https://r2.thesportsdb.com/images/media/event/poster/zdz8am1733081215.jpg,https://r2.thesportsdb.com/images/media/event/thumb/apohuj1728121995.jpg
2140305,2024-11-24,Round 0,Orlando Magic,111,Detroit Pistons,100,https://r2.thesportsdb.com/images/media/event/poster/s82wgd1733081216.jpg,https://r2.thesportsdb.com/images/media/event/thumb/75p85u1728121996.jpg
2140306,2024-11-24,Round 0,Chicago Bulls,131,Memphis Grizzlies,142,https://r2.thesportsdb.com/images/media/event/poster/gnot7i1733081217.jpg,https://r2.thesportsdb.com/images/media/event/thumb/15vkzz1728121998.jpg
2140307,2024-11-24,Round 0,Houston Rockets,98,Portland Trail Blazers,104,https://r2.thesportsdb.com/images/media/event/poster/3kc1gv1733081220.jpg,https://r2.thesportsdb.com/images/media/event/thumb/i6w9y51728122002.jpg
2140308,2024-11-24,Round 0,Milwaukee Bucks,125,Charlotte Hornets,119,https://r2.thesportsdb.com/images/media/event/poster/c05s3t1733081219.jpg,https://r2.thesportsdb.com/images/media/event/thumb/3kh2c71728122000.jpg
2140309,2024-11-24,Round 0,San Antonio Spurs,104,Golden State Warriors,94,https://r2.thesportsdb.com/images/media/event/poster/qe4pro1733081221.jpg,https://r2.thesportsdb.com/images/media/event/thumb/hi8tjc1728122003.jpg
2140310,2024-11-24,Round 0,Los Angeles Lakers,102,Denver Nuggets,127,https://r2.thesportsdb.com/images/media/event/poster/rsbqow1733081221.jpg,https://r2.thesportsdb.com/images/media/event/thumb/5z0v4x1728122005.jpg
2140311,2024-11-24,Round 0,Boston Celtics,107,Minnesota Timberwolves,105,https://r2.thesportsdb.com/images/media/event/poster/okr08y1733081222.jpg,https://r2.thesportsdb.com/images/media/event/thumb/f15me21728122007.jpg
2140312,2024-11-24,Round 0,Indiana Pacers,115,Washington Wizards,103,https://r2.thesportsdb.com/images/media/event/poster/fzggup1733081223.jpg,https://r2.thesportsdb.com/images/media/event/thumb/eclxi61728122008.jpg
2140313,2024-11-24,Round 0,Miami Heat,123,Dallas Mavericks,118,https://r2.thesportsdb.com/images/media/event/poster/6bl56p1733081223.jpg,https://r2.thesportsdb.com/images/media/event/thumb/vxqup31728122010.jpg
2140314,2024-11-24,Round 0,Philadelphia 76ers,99,Los Angeles Clippers,125,https://r2.thesportsdb.com/images/media/event/poster/nmuwbk1733081224.jpg,https://r2.thesportsdb.com/images/media/event/thumb/jgib3x1728122012.jpg
2140315,2024-11-25,Round 0,Cleveland Cavaliers,122,Toronto Raptors,108,https://r2.thesportsdb.com/images/media/event/poster/ksfvoe1733081226.jpg,https://r2.thesportsdb.com/images/media/event/thumb/9s5qca1728122014.jpg
2140316,2024-11-25,Round 0,Sacramento Kings,103,Brooklyn Nets,108,https://r2.thesportsdb.com/images/media/event/poster/wed0hp1733081227.jpg,https://r2.thesportsdb.com/images/media/event/thumb/b9lq411728122015.jpg
2140317,2024-11-26,Round 0,Charlotte Hornets,84,Orlando Magic,95,https://r2.thesportsdb.com/images/media/event/poster/vk71sb1733081227.jpg,https://r2.thesportsdb.com/images/media/event/thumb/lx3n7m1728122017.jpg
2140318,2024-11-26,Round 0,Detroit Pistons,102,Toronto Raptors,100,https://r2.thesportsdb.com/images/media/event/poster/b0roua1733081228.jpg,https://r2.thesportsdb.com/images/media/event/thumb/p9bk811728122019.jpg
2140319,2024-11-26,Round 0,Indiana Pacers,114,New Orleans Pelicans,110,https://r2.thesportsdb.com/images/media/event/poster/foxemz1733081229.jpg,https://r2.thesportsdb.com/images/media/event/thumb/ugqp711728122020.jpg
2140320,2024-11-26,Round 0,Boston Celtics,126,Los Angeles Clippers,94,https://r2.thesportsdb.com/images/media/event/poster/vwqm8t1733081230.jpg,https://r2.thesportsdb.com/images/media/event/thumb/gj1joz1728122021.jpg
2140321,2024-11-26,Round 0,Atlanta Hawks,119,Dallas Mavericks,129,https://r2.thesportsdb.com/images/media/event/poster/2vo9lk1733081231.jpg,https://r2.thesportsdb.com/images/media/event/thumb/l62hoa1728122023.jpg
2140322,2024-11-26,Round 0,Memphis Grizzlies,123,Portland Trail Blazers,98,https://r2.thesportsdb.com/images/media/event/poster/1m5rk71733081233.jpg,https://r2.thesportsdb.com/images/media/event/thumb/sdho1s1728122024.jpg
2140323,2024-11-26,Round 0,Denver Nuggets,118,New York Knicks,145,https://r2.thesportsdb.com/images/media/event/poster/unaogu1733081233.jpg,https://r2.thesportsdb.com/images/media/event/thumb/lsxws91728122025.jpg
2140324,2024-11-26,Round 0,Golden State Warriors,120,Brooklyn Nets,128,https://r2.thesportsdb.com/images/media/event/poster/8mho0z1733081235.jpg,https://r2.thesportsdb.com/images/media/event/thumb/421yy91728122028.jpg
2140325,2024-11-26,Round 0,Sacramento Kings,109,Oklahoma City Thunder,130,https://r2.thesportsdb.com/images/media/event/poster/gxxhen1733081234.jpg,https://r2.thesportsdb.com/images/media/event/thumb/pppwdu1728122027.jpg
2140326,2024-11-27,Round 0,Washington Wizards,108,Chicago Bulls,127,https://r2.thesportsdb.com/images/media/event/poster/fvddaq1733081236.jpg,https://r2.thesportsdb.com/images/media/event/thumb/6scnus1728122030.jpg
2140327,2024-11-27,Round 0,Miami Heat,103,Milwaukee Bucks,106,https://r2.thesportsdb.com/images/media/event/poster/d1rywd1733081237.jpg,https://r2.thesportsdb.com/images/media/event/thumb/7j9a1l1728122031.jpg
2140328,2024-11-27,Round 0,Minnesota Timberwolves,111,Houston Rockets,117,https://r2.thesportsdb.com/images/media/event/poster/wagxk01733081238.jpg,https://r2.thesportsdb.com/images/media/event/thumb/lbs94h1728122033.jpg
2140329,2024-11-27,Round 0,Utah Jazz,115,San Antonio Spurs,128,https://r2.thesportsdb.com/images/media/event/poster/jqyhmv1733081239.jpg,https://r2.thesportsdb.com/images/media/event/thumb/yr6mtx1728122034.jpg
2140330,2024-11-27,Round 0,Phoenix Suns,127,Los Angeles Lakers,100,https://r2.thesportsdb.com/images/media/event/poster/5qokty1733081240.jpg,https://r2.thesportsdb.com/images/media/event/thumb/s26mj11728122035.jpg
2140331,2024-11-28,Round 0,Charlotte Hornets,94,Miami Heat,98,https://r2.thesportsdb.com/images/media/event/poster/byjk1p1733081241.jpg,https://r2.thesportsdb.com/images/media/event/thumb/sbktu01728122037.jpg
2140332,2024-11-28,Round 0,Cleveland Cavaliers,124,Atlanta Hawks,135,https://r2.thesportsdb.com/images/media/event/poster/mwtux31733081242.jpg,https://r2.thesportsdb.com/images/media/event/thumb/5bya9y1728122038.jpg
2140333,2024-11-28,Round 0,Indiana Pacers,121,Portland Trail Blazers,114,https://r2.thesportsdb.com/images/media/event/poster/ymmg3m1733081244.jpg,https://r2.thesportsdb.com/images/media/event/thumb/jhl45n1728122040.jpg
2140334,2024-11-28,Round 0,Orlando Magic,133,Chicago Bulls,119,https://r2.thesportsdb.com/images/media/event/poster/bqec011733081246.jpg,https://r2.thesportsdb.com/images/media/event/thumb/md2yst1728122045.jpg
2140335,2024-11-28,Round 0,Philadelphia 76ers,115,Houston Rockets,122,https://r2.thesportsdb.com/images/media/event/poster/5qhbuw1733081244.jpg,https://r2.thesportsdb.com/images/media/event/thumb/qnymzh1728122042.jpg
2140336,2024-11-28,Round 0,Washington Wizards,96,Los Angeles Clippers,121,https://r2.thesportsdb.com/images/media/event/poster/7vc7081733081245.jpg,https://r2.thesportsdb.com/images/media/event/thumb/daafc51728122043.jpg
2140337,2024-11-28,Round 0,Dallas Mavericks,129,New York Knicks,114,https://r2.thesportsdb.com/images/media/event/poster/ua39qv1733081248.jpg,https://r2.thesportsdb.com/images/media/event/thumb/caup3k1728122046.jpg
2140338,2024-11-28,Round 0,New Orleans Pelicans,93,Toronto Raptors,119,https://r2.thesportsdb.com/images/media/event/poster/xgo58f1733081250.jpg,https://r2.thesportsdb.com/images/media/event/thumb/ou4d3h1728122049.jpg
2140339,2024-11-28,Round 0,Minnesota Timberwolves,104,Sacramento Kings,115,https://r2.thesportsdb.com/images/media/event/poster/08p1921733081251.jpg,https://r2.thesportsdb.com/images/media/event/thumb/xxdn071728122050.jpg
2140340,2024-11-28,Round 0,Memphis Grizzlies,131,Detroit Pistons,111,https://r2.thesportsdb.com/images/media/event/poster/60poat1733081248.jpg,https://r2.thesportsdb.com/images/media/event/thumb/ea565t1728122047.jpg
2140341,2024-11-28,Round 0,San Antonio Spurs,101,Los Angeles Lakers,119,https://r2.thesportsdb.com/images/media/event/poster/v2i00o1733081252.jpg,https://r2.thesportsdb.com/images/media/event/thumb/3ic5iu1728122052.jpg
2140342,2024-11-28,Round 0,Phoenix Suns,117,Brooklyn Nets,127,https://r2.thesportsdb.com/images/media/event/poster/mku5u21733081253.jpg,https://r2.thesportsdb.com/images/media/event/thumb/nkt71i1728122054.jpg
2140343,2024-11-28,Round 0,Utah Jazz,103,Denver Nuggets,122,https://r2.thesportsdb.com/images/media/event/poster/saahts1733081254.jpg,https://r2.thesportsdb.com/images/media/event/thumb/ext5lj1728122055.jpg
2140344,2024-11-28,Round 0,Golden State Warriors,101,Oklahoma City Thunder,105,https://r2.thesportsdb.com/images/media/event/poster/jg45ba1733081255.jpg,https://r2.thesportsdb.com/images/media/event/thumb/18ce1l1728122057.jpg
2140345,2024-11-29,Round 0,Charlotte Hornets,98,New York Knicks,99,https://r2.thesportsdb.com/images/media/event/poster/gqcikn1733081256.jpg,https://r2.thesportsdb.com/images/media/event/thumb/llut2p1728122058.jpg
2140346,2024-11-29,Round 0,Atlanta Hawks,117,Cleveland Cavaliers,101,https://r2.thesportsdb.com/images/media/event/poster/xk2isd1733081257.jpg,https://r2.thesportsdb.com/images/media/event/thumb/u8tnoa1728122060.jpg
2140347,2024-11-29,Round 0,Memphis Grizzlies,120,New Orleans Pelicans,109,https://r2.thesportsdb.com/images/media/event/poster/dwzars1733081258.jpg,https://r2.thesportsdb.com/images/media/event/thumb/r5fbbo1728122061.jpg
2140348,2024-11-30,Round 0,Minnesota Timberwolves,93,Los Angeles Clippers,92,https://r2.thesportsdb.com/images/media/event/poster/7z4c231733081259.jpg,https://r2.thesportsdb.com/images/media/event/thumb/kaih9i1728122062.jpg
2140349,2024-11-30,Round 0,Brooklyn Nets,100,Orlando Magic,123,https://r2.thesportsdb.com/images/media/event/poster/pgjhe41733081260.jpg,https://r2.thesportsdb.com/images/media/event/thumb/nvdw3h1728122064.jpg
2140350,2024-11-30,Round 0,Chicago Bulls,129,Boston Celtics,138,https://r2.thesportsdb.com/images/media/event/poster/1irq5t1733081262.jpg,https://r2.thesportsdb.com/images/media/event/thumb/wryzh81728122067.jpg
2140351,2024-11-30,Round 0,Indiana Pacers,106,Detroit Pistons,130,https://r2.thesportsdb.com/images/media/event/poster/5r276y1733081261.jpg,https://r2.thesportsdb.com/images/media/event/thumb/jmg36k1728122065.jpg
2140352,2024-11-30,Round 0,Miami Heat,121,Toronto Raptors,111,https://r2.thesportsdb.com/images/media/event/poster/x915vw1733081263.jpg,https://r2.thesportsdb.com/images/media/event/thumb/rylyw91728122068.jpg
2140354,2024-11-30,Round 0,Portland Trail Blazers,115,Sacramento Kings,106,https://r2.thesportsdb.com/images/media/event/poster/4gzr2w1733081265.jpg,https://r2.thesportsdb.com/images/media/event/thumb/w9z5ym1728122072.jpg
2140353,2024-11-30,Round 0,Los Angeles Lakers,93,Oklahoma City Thunder,101,https://r2.thesportsdb.com/images/media/event/poster/6btlfz1733081264.jpg,https://r2.thesportsdb.com/images/media/event/thumb/qgpf171728122070.jpg
2140355,2024-11-30,Round 0,Charlotte Hornets,104,Atlanta Hawks,107,https://r2.thesportsdb.com/images/media/event/poster/q0q9z71733081266.jpg,https://r2.thesportsdb.com/images/media/event/thumb/j0iksx1728122074.jpg
2140356,2024-12-01,Round 0,Detroit Pistons,96,Philadelphia 76ers,111,https://r2.thesportsdb.com/images/media/event/poster/udnhse1733081267.jpg,https://r2.thesportsdb.com/images/media/event/thumb/51x9uw1728122075.jpg
2140357,2024-12-01,Round 0,Milwaukee Bucks,124,Washington Wizards,114,https://r2.thesportsdb.com/images/media/event/poster/vbxlhv1733081268.jpg,https://r2.thesportsdb.com/images/media/event/thumb/1vqbz71728122077.jpg
2140358,2024-12-01,Round 0,Phoenix Suns,113,Golden State Warriors,105,https://r2.thesportsdb.com/images/media/event/poster/hnzx661733081269.jpg,https://r2.thesportsdb.com/images/media/event/thumb/mnqa911728122078.jpg
2140359,2024-12-01,Round 0,Utah Jazz,94,Dallas Mavericks,106,https://r2.thesportsdb.com/images/media/event/poster/810cmw1733081270.jpg,https://r2.thesportsdb.com/images/media/event/thumb/fmv5yg1728122080.jpg
2140360,2024-12-01,Round 0,Brooklyn Nets,92,Orlando Magic,100,https://r2.thesportsdb.com/images/media/event/poster/5vdjca1733081271.jpg,https://r2.thesportsdb.com/images/media/event/thumb/znwxw31728122081.jpg
2140361,2024-12-01,Round 0,Memphis Grizzlies,136,Indiana Pacers,121,https://r2.thesportsdb.com/images/media/event/poster/9e0r1s1733081271.jpg,https://r2.thesportsdb.com/images/media/event/thumb/zbzq311728122083.jpg
2140363,2024-12-01,Round 0,New York Knicks,118,New Orleans Pelicans,85,https://r2.thesportsdb.com/images/media/event/poster/6sgqkr1733081274.jpg,https://r2.thesportsdb.com/images/media/event/thumb/nhyng81728122087.jpg
2140362,2024-12-01,Round 0,Cleveland Cavaliers,115,Boston Celtics,111,https://r2.thesportsdb.com/images/media/event/poster/avqzny1733081273.jpg,https://r2.thesportsdb.com/images/media/event/thumb/qh43gw1728122085.jpg
2140364,2024-12-01,Round 0,Toronto Raptors,119,Miami Heat,116,https://r2.thesportsdb.com/images/media/event/poster/irp1ua1733081273.jpg,https://r2.thesportsdb.com/images/media/event/thumb/s6ir9o1728122084.jpg
2140365,2024-12-02,Round 0,Houston Rockets,119,Oklahoma City Thunder,116,https://r2.thesportsdb.com/images/media/event/poster/mg2hcu1733081275.jpg,https://r2.thesportsdb.com/images/media/event/thumb/jmk5081728122089.jpg
2140366,2024-12-02,Round 0,Utah Jazz,104,Los Angeles Lakers,105,https://r2.thesportsdb.com/images/media/event/poster/e32yr61733081276.jpg,https://r2.thesportsdb.com/images/media/event/thumb/bmyk961728122090.jpg
2140368,2024-12-02,Round 0,Sacramento Kings,125,San Antonio Spurs,127,https://r2.thesportsdb.com/images/media/event/poster/hn3bor1733081278.jpg,https://r2.thesportsdb.com/images/media/event/thumb/51jk3o1728122094.jpg
2140367,2024-12-02,Round 0,Portland Trail Blazers,131,Dallas Mavericks,137,https://r2.thesportsdb.com/images/media/event/poster/2ywnph1733081277.jpg,https://r2.thesportsdb.com/images/media/event/thumb/b3ufqc1728122092.jpg
2140369,2024-12-02,Round 0,Los Angeles Clippers,126,Denver Nuggets,122,https://r2.thesportsdb.com/images/media/event/poster/91b4o91733081278.jpg,https://r2.thesportsdb.com/images/media/event/thumb/svfgtr1728122095.jpg
2140371,2024-12-03,Round 0,Boston Celtics,108,Miami Heat,89,https://r2.thesportsdb.com/images/media/event/poster/fro9jb1733081282.jpg,https://r2.thesportsdb.com/images/media/event/thumb/vix9es1728122099.jpg
2140370,2024-12-03,Round 0,Atlanta Hawks,124,New Orleans Pelicans,112,https://r2.thesportsdb.com/images/media/event/poster/vt1zmg1733081279.jpg,https://r2.thesportsdb.com/images/media/event/thumb/72aq6p1728122097.jpg
2140372,2024-12-03,Round 0,Chicago Bulls,128,Brooklyn Nets,102,https://r2.thesportsdb.com/images/media/event/poster/5rx61k1733081283.jpg,https://r2.thesportsdb.com/images/media/event/thumb/j7209r1728122100.jpg
2140373,2024-12-03,Round 0,Minnesota Timberwolves,109,Los Angeles Lakers,80,https://r2.thesportsdb.com/images/media/event/poster/7tgbmb1733081284.jpg,https://r2.thesportsdb.com/images/media/event/thumb/yfn5ut1728122101.jpg
2140374,2024-12-04,Round 0,Charlotte Hornets,104,Philadelphia 76ers,110,https://r2.thesportsdb.com/images/media/event/poster/pxlv7t1733081285.jpg,https://r2.thesportsdb.com/images/media/event/thumb/qgasro1728122103.jpg
2140375,2024-12-04,Round 0,Cleveland Cavaliers,118,Washington Wizards,87,https://r2.thesportsdb.com/images/media/event/poster/ivr96u1733081286.jpg,https://r2.thesportsdb.com/images/media/event/thumb/jwz3581728122104.jpg
2140376,2024-12-04,Round 0,Detroit Pistons,107,Milwaukee Bucks,128,https://r2.thesportsdb.com/images/media/event/poster/ydiaus1733081287.jpg,https://r2.thesportsdb.com/images/media/event/thumb/ap8ogf1728122106.jpg
2140377,2024-12-04,Round 0,New York Knicks,121,Orlando Magic,106,https://r2.thesportsdb.com/images/media/event/poster/lksklx1733081288.jpg,https://r2.thesportsdb.com/images/media/event/thumb/ik0fz11728122108.jpg
2140378,2024-12-04,Round 0,Toronto Raptors,122,Indiana Pacers,111,https://r2.thesportsdb.com/images/media/event/poster/r2cs4j1733081289.jpg,https://r2.thesportsdb.com/images/media/event/thumb/rp8wu81728122109.jpg
2140379,2024-12-04,Round 0,Oklahoma City Thunder,133,Utah Jazz,106,https://r2.thesportsdb.com/images/media/event/poster/8pyycp1733081290.jpg,https://r2.thesportsdb.com/images/media/event/thumb/9a4ddh1728122111.jpg
2140380,2024-12-04,Round 0,Dallas Mavericks,121,Memphis Grizzlies,116,https://r2.thesportsdb.com/images/media/event/poster/cmt15d1733081291.jpg,https://r2.thesportsdb.com/images/media/event/thumb/7fmmpr1728122112.jpg
2140381,2024-12-04,Round 0,Phoenix Suns,104,San Antonio Spurs,93,https://r2.thesportsdb.com/images/media/event/poster/rnzj6w1733081292.jpg,https://r2.thesportsdb.com/images/media/event/thumb/o59drl1728122114.jpg
2140382,2024-12-04,Round 0,Denver Nuggets,119,Golden State Warriors,115,https://r2.thesportsdb.com/images/media/event/poster/es9u831733081293.jpg,https://r2.thesportsdb.com/images/media/event/thumb/4zy9151728122115.jpg
2140383,2024-12-04,Round 0,Sacramento Kings,120,Houston Rockets,111,https://r2.thesportsdb.com/images/media/event/poster/cj40f21733081294.jpg,https://r2.thesportsdb.com/images/media/event/thumb/8llzpd1728122117.jpg
2140384,2024-12-04,Round 0,Los Angeles Clippers,127,Portland Trail Blazers,105,https://r2.thesportsdb.com/images/media/event/poster/t5drgh1733081296.jpg,https://r2.thesportsdb.com/images/media/event/thumb/5ouq3w1728122118.jpg
2140385,2024-12-05,Round 0,Philadelphia 76ers,102,Orlando Magic,106,https://r2.thesportsdb.com/images/media/event/poster/z6jpf31733081296.jpg,https://r2.thesportsdb.com/images/media/event/thumb/ki8u021728122120.jpg
2140388,2024-12-05,Round 0,Miami Heat,134,Los Angeles Lakers,93,https://r2.thesportsdb.com/images/media/event/poster/mh11i71733081300.jpg,https://r2.thesportsdb.com/images/media/event/thumb/wari981728122124.jpg
2140386,2024-12-05,Round 0,Brooklyn Nets,99,Indiana Pacers,90,https://r2.thesportsdb.com/images/media/event/poster/j881ha1733081297.jpg,https://r2.thesportsdb.com/images/media/event/thumb/mwjuqs1728122121.jpg
2140387,2024-12-05,Round 0,Boston Celtics,130,Detroit Pistons,120,https://r2.thesportsdb.com/images/media/event/poster/0p9toc1733081299.jpg,https://r2.thesportsdb.com/images/media/event/thumb/eyzrag1728122123.jpg
2140389,2024-12-05,Round 0,Milwaukee Bucks,104,Atlanta Hawks,119,https://r2.thesportsdb.com/images/media/event/poster/sgy6991733081301.jpg,https://r2.thesportsdb.com/images/media/event/thumb/6rirv11728122126.jpg
2140390,2024-12-05,Round 0,Los Angeles Clippers,80,Minnesota Timberwolves,108,https://r2.thesportsdb.com/images/media/event/poster/i6ydoe1733081302.jpg,https://r2.thesportsdb.com/images/media/event/thumb/o6zpvx1728122128.jpg
2140391,2024-12-06,Round 0,Cleveland Cavaliers,126,Denver Nuggets,114,https://r2.thesportsdb.com/images/media/event/poster/jrg4651733081303.jpg,https://r2.thesportsdb.com/images/media/event/thumb/c0s2e11728122129.jpg
2140392,2024-12-06,Round 0,Washington Wizards,101,Dallas Mavericks,137,https://r2.thesportsdb.com/images/media/event/poster/xskkb51733081304.jpg,https://r2.thesportsdb.com/images/media/event/thumb/b7cywm1728122130.jpg
2140393,2024-12-06,Round 0,New York Knicks,125,Charlotte Hornets,101,https://r2.thesportsdb.com/images/media/event/poster/3vokdh1733081305.jpg,https://r2.thesportsdb.com/images/media/event/thumb/arhc381728122132.jpg
2140394,2024-12-06,Round 0,Toronto Raptors,92,Oklahoma City Thunder,129,https://r2.thesportsdb.com/images/media/event/poster/deljsw1733081306.jpg,https://r2.thesportsdb.com/images/media/event/thumb/oak5l01728122133.jpg
2140395,2024-12-06,Round 0,San Antonio Spurs,124,Chicago Bulls,139,https://r2.thesportsdb.com/images/media/event/poster/d9nmgk1733081307.jpg,https://r2.thesportsdb.com/images/media/event/thumb/1uye5n1728122135.jpg
2140397,2024-12-06,Round 0,New Orleans Pelicans,126,Phoenix Suns,124,https://r2.thesportsdb.com/images/media/event/poster/4615k31733081309.jpg,https://r2.thesportsdb.com/images/media/event/thumb/9d3e8w1728122138.jpg
2140396,2024-12-06,Round 0,Memphis Grizzlies,115,Sacramento Kings,110,https://r2.thesportsdb.com/images/media/event/poster/ctw0hq1733081308.jpg,https://r2.thesportsdb.com/images/media/event/thumb/vz3kfe1728122136.jpg
2140398,2024-12-06,Round 0,Golden State Warriors,99,Houston Rockets,93,https://r2.thesportsdb.com/images/media/event/poster/5htrb01733081310.jpg,https://r2.thesportsdb.com/images/media/event/thumb/2ywxe21728122139.jpg
2140399,2024-12-07,Round 0,Philadelphia 76ers,102,Orlando Magic,94,https://r2.thesportsdb.com/images/media/event/poster/fgv7231733081311.jpg,https://r2.thesportsdb.com/images/media/event/thumb/eedq0l1728122140.jpg
2140400,2024-12-07,Round 0,Atlanta Hawks,134,Los Angeles Lakers,132,https://r2.thesportsdb.com/images/media/event/poster/yzlwfj1733081312.jpg,https://r2.thesportsdb.com/images/media/event/thumb/neixkn1728122142.jpg
2140401,2024-12-07,Round 0,Boston Celtics,111,Milwaukee Bucks,105,https://r2.thesportsdb.com/images/media/event/poster/bxfj8q1733081313.jpg,https://r2.thesportsdb.com/images/media/event/thumb/cziqe31728122143.jpg
2140403,2024-12-07,Round 0,San Antonio Spurs,113,Sacramento Kings,140,https://r2.thesportsdb.com/images/media/event/poster/gnuv2r1733081315.jpg,https://r2.thesportsdb.com/images/media/event/thumb/rb1wu21728122147.jpg
2140402,2024-12-07,Round 0,Chicago Bulls,123,Indiana Pacers,132,https://r2.thesportsdb.com/images/media/event/poster/pzin1o1733081314.jpg,https://r2.thesportsdb.com/images/media/event/thumb/d7x8yq1728122145.jpg
2140404,2024-12-07,Round 0,Portland Trail Blazers,99,Utah Jazz,141,https://r2.thesportsdb.com/images/media/event/poster/l3g5wu1733081316.jpg,https://r2.thesportsdb.com/images/media/event/thumb/jr2u8k1728122149.jpg
2140405,2024-12-07,Round 0,Golden State Warriors,90,Minnesota Timberwolves,107,https://r2.thesportsdb.com/images/media/event/poster/4jw0ks1733081317.jpg,https://r2.thesportsdb.com/images/media/event/thumb/mm2kxt1728122151.jpg
2140406,2024-12-07,Round 0,Charlotte Hornets,102,Cleveland Cavaliers,116,https://r2.thesportsdb.com/images/media/event/poster/dplptm1733081318.jpg,https://r2.thesportsdb.com/images/media/event/thumb/z8476n1728122152.jpg
2140407,2024-12-08,Round 0,New Orleans Pelicans,109,Oklahoma City Thunder,119,https://r2.thesportsdb.com/images/media/event/poster/cdrv9v1733081320.jpg,https://r2.thesportsdb.com/images/media/event/thumb/fsl4ph1728122154.jpg
2140408,2024-12-08,Round 0,Washington Wizards,122,Denver Nuggets,113,https://r2.thesportsdb.com/images/media/event/poster/0wn99r1733081321.jpg,https://r2.thesportsdb.com/images/media/event/thumb/hghyax1728122155.jpg
2140409,2024-12-08,Round 0,New York Knicks,111,Detroit Pistons,120,https://r2.thesportsdb.com/images/media/event/poster/s5vmag1733081322.jpg,https://r2.thesportsdb.com/images/media/event/thumb/19ix0l1728122157.jpg
2140410,2024-12-08,Round 0,Toronto Raptors,118,Dallas Mavericks,125,https://r2.thesportsdb.com/images/media/event/poster/ead1re1733081323.jpg,https://r2.thesportsdb.com/images/media/event/thumb/bpxt631728122158.jpg
2140411,2024-12-08,Round 0,Boston Celtics,121,Memphis Grizzlies,127,https://r2.thesportsdb.com/images/media/event/poster/hamygx1733081324.jpg,https://r2.thesportsdb.com/images/media/event/thumb/xt2u6d1728122160.jpg
2140412,2024-12-08,Round 0,Miami Heat,121,Phoenix Suns,111,https://r2.thesportsdb.com/images/media/event/poster/w30jsv1733081325.jpg,https://r2.thesportsdb.com/images/media/event/thumb/iwcvay1728122161.jpg
2140413,2024-12-08,Round 0,Chicago Bulls,100,Philadelphia 76ers,108,https://r2.thesportsdb.com/images/media/event/poster/nn8owm1733081326.jpg,https://r2.thesportsdb.com/images/media/event/thumb/ncgp3i1728122163.jpg
2140414,2024-12-08,Round 0,Brooklyn Nets,113,Milwaukee Bucks,118,https://r2.thesportsdb.com/images/media/event/poster/dltnrb1733081327.jpg,https://r2.thesportsdb.com/images/media/event/thumb/y2frvt1728122164.jpg
2140415,2024-12-08,Round 0,Indiana Pacers,109,Charlotte Hornets,113,https://r2.thesportsdb.com/images/media/event/poster/3ifzpz1733081328.jpg,https://r2.thesportsdb.com/images/media/event/thumb/iuute71728122165.jpg
2140416,2024-12-08,Round 0,Atlanta Hawks,111,Denver Nuggets,141,https://r2.thesportsdb.com/images/media/event/poster/6y6l821733081329.jpg,https://r2.thesportsdb.com/images/media/event/thumb/mu736r1728122167.jpg
2140417,2024-12-08,Round 0,Miami Heat,122,Cleveland Cavaliers,113,https://r2.thesportsdb.com/images/media/event/poster/27w2h71733081330.jpg,https://r2.thesportsdb.com/images/media/event/thumb/6n3bs71728122168.jpg
2140418,2024-12-08,Round 0,Orlando Magic,115,Phoenix Suns,110,https://r2.thesportsdb.com/images/media/event/poster/5dtx7r1733081331.jpg,https://r2.thesportsdb.com/images/media/event/thumb/ik9mn41728122170.jpg
2140419,2024-12-09,Round 0,San Antonio Spurs,121,New Orleans Pelicans,116,https://r2.thesportsdb.com/images/media/event/poster/6wzavh1733081333.jpg,https://r2.thesportsdb.com/images/media/event/thumb/mpozso1728122172.jpg
2140420,2024-12-09,Round 0,Washington Wizards,112,Memphis Grizzlies,140,https://r2.thesportsdb.com/images/media/event/poster/4cn8ck1733081332.jpg,https://r2.thesportsdb.com/images/media/event/thumb/cjre9y1728122171.jpg
2140421,2024-12-09,Round 0,Golden State Warriors,114,Minnesota Timberwolves,106,https://r2.thesportsdb.com/images/media/event/poster/n4r0221733081334.jpg,https://r2.thesportsdb.com/images/media/event/thumb/49zn6w1728122174.jpg
2140422,2024-12-09,Round 0,Sacramento Kings,141,Utah Jazz,97,https://r2.thesportsdb.com/images/media/event/poster/upysq11733081335.jpg,https://r2.thesportsdb.com/images/media/event/thumb/6em0g41728122175.jpg
2140423,2024-12-09,Round 0,Los Angeles Clippers,106,Houston Rockets,117,https://r2.thesportsdb.com/images/media/event/poster/pqpcq61733081336.jpg,https://r2.thesportsdb.com/images/media/event/thumb/vni5tk1728122177.jpg
2140424,2024-12-09,Round 0,Los Angeles Lakers,107,Portland Trail Blazers,98,https://r2.thesportsdb.com/images/media/event/poster/pildmf1733081338.jpg,https://r2.thesportsdb.com/images/media/event/thumb/m1640f1728122178.jpg
2140425,2024-12-10,Round 0,Toronto Raptors,108,New York Knicks,113,https://r2.thesportsdb.com/images/media/event/poster/ktx9x01733081340.jpg,https://r2.thesportsdb.com/images/media/event/thumb/pdtlnz1728122180.jpg
2183603,2024-12-13,Round 0,Boston Celtics,123,Detroit Pistons,99,https://r2.thesportsdb.com/images/media/event/poster/rm9spb1738096799.jpg,https://r2.thesportsdb.com/images/media/event/thumb/rv3jmj1714823377.jpg
2183604,2024-12-13,Round 0,Miami Heat,114,Toronto Raptors,104,https://r2.thesportsdb.com/images/media/event/poster/r6avar1738096800.jpg,https://r2.thesportsdb.com/images/media/event/thumb/a2g2kc1701632998.jpg
2183605,2024-12-13,Round 0,New Orleans Pelicans,109,Sacramento Kings,111,https://r2.thesportsdb.com/images/media/event/poster/5c0ytj1738096800.jpg,https://r2.thesportsdb.com/images/media/event/thumb/9c85g31714554267.jpg
2183606,2024-12-14,Round 0,Philadelphia 76ers,107,Indiana Pacers,121,https://r2.thesportsdb.com/images/media/event/poster/rs86nk1738096801.jpg,https://r2.thesportsdb.com/images/media/event/thumb/c9gnh11714821426.jpg
2183607,2024-12-14,Round 0,Cleveland Cavaliers,115,Washington Wizards,105,https://r2.thesportsdb.com/images/media/event/poster/s2xveu1738096801.jpg,https://r2.thesportsdb.com/images/media/event/thumb/eeqgrl1714822055.jpg
2183608,2024-12-14,Round 0,Chicago Bulls,109,Charlotte Hornets,95,https://r2.thesportsdb.com/images/media/event/poster/vopjat1738096802.jpg,https://r2.thesportsdb.com/images/media/event/thumb/nf7k251714821703.jpg
2183609,2024-12-14,Round 0,Memphis Grizzlies,135,Brooklyn Nets,119,https://r2.thesportsdb.com/images/media/event/poster/e01svh1738096802.jpg,https://r2.thesportsdb.com/images/media/event/thumb/u3mwjs1701632438.jpg
2183610,2024-12-14,Round 0,Minnesota Timberwolves,97,Los Angeles Lakers,87,https://r2.thesportsdb.com/images/media/event/poster/h2bsl61738096803.jpg,https://r2.thesportsdb.com/images/media/event/thumb/2znya51714821807.jpg
2183611,2024-12-14,Round 0,Denver Nuggets,120,Los Angeles Clippers,98,https://r2.thesportsdb.com/images/media/event/poster/9c24b91738096803.jpg,https://r2.thesportsdb.com/images/media/event/thumb/a4t6un1714821876.jpg
2183612,2024-12-14,Round 0,Utah Jazz,126,Phoenix Suns,134,https://r2.thesportsdb.com/images/media/event/poster/ogoi511738096804.jpg,https://r2.thesportsdb.com/images/media/event/thumb/z0ej4u1714823336.jpg
2183613,2024-12-14,Round 0,Portland Trail Blazers,116,San Antonio Spurs,118,https://r2.thesportsdb.com/images/media/event/poster/kddhc61738096804.jpg,https://r2.thesportsdb.com/images/media/event/thumb/pevxi61714821718.jpg
2183614,2024-12-15,Round 0,Indiana Pacers,119,New Orleans Pelicans,104,https://r2.thesportsdb.com/images/media/event/poster/c5ftr01738096805.jpg,https://r2.thesportsdb.com/images/media/event/thumb/gyvd061701632457.jpg
2185884,2024-12-15,Round 0,Orlando Magic,91,New York Knicks,100,https://r2.thesportsdb.com/images/media/event/poster/inv1ax1738096805.jpg,https://r2.thesportsdb.com/images/media/event/thumb/1tuyai1714821545.jpg
2183615,2024-12-15,Round 0,Washington Wizards,98,Boston Celtics,112,https://r2.thesportsdb.com/images/media/event/poster/q7wkh81738096806.jpg,https://r2.thesportsdb.com/images/media/event/thumb/ztiddz1714821900.jpg
2183616,2024-12-16,Round 0,San Antonio Spurs,92,Minnesota Timberwolves,106,https://r2.thesportsdb.com/images/media/event/poster/0a9pou1738096807.jpg,https://r2.thesportsdb.com/images/media/event/thumb/yo9fa81714821457.jpg
2183617,2024-12-16,Round 0,Phoenix Suns,116,Portland Trail Blazers,109,https://r2.thesportsdb.com/images/media/event/poster/9nyvep1738096807.jpg,https://r2.thesportsdb.com/images/media/event/thumb/be8qep1714822299.jpg
2185885,2024-12-16,Round 0,Golden State Warriors,133,Dallas Mavericks,143,https://r2.thesportsdb.com/images/media/event/poster/xvgoyd1738096808.jpg,https://r2.thesportsdb.com/images/media/event/thumb/ixadvx1714822212.jpg
2183618,2024-12-16,Round 0,Los Angeles Lakers,116,Memphis Grizzlies,110,https://r2.thesportsdb.com/images/media/event/poster/43cdnr1738096808.jpg,https://r2.thesportsdb.com/images/media/event/thumb/v9wd6t1701631916.jpg
2183619,2024-12-17,Round 0,Charlotte Hornets,108,Philadelphia 76ers,121,https://r2.thesportsdb.com/images/media/event/poster/kz19vt1738096809.jpg,https://r2.thesportsdb.com/images/media/event/thumb/kx3dzg1714822053.jpg
2183620,2024-12-17,Round 0,Detroit Pistons,125,Miami Heat,124,https://r2.thesportsdb.com/images/media/event/poster/kkogzr1738096810.jpg,https://r2.thesportsdb.com/images/media/event/thumb/zvubtf1714821319.jpg
2183621,2024-12-17,Round 0,Brooklyn Nets,101,Cleveland Cavaliers,130,https://r2.thesportsdb.com/images/media/event/poster/vvzx681738096811.jpg,https://r2.thesportsdb.com/images/media/event/thumb/8po9ts1714822195.jpg
2183622,2024-12-17,Round 0,Toronto Raptors,121,Chicago Bulls,122,https://r2.thesportsdb.com/images/media/event/poster/5m7tgi1681536744.jpg,https://r2.thesportsdb.com/images/media/event/thumb/03q7az1701632053.jpg
2183623,2024-12-17,Round 0,Sacramento Kings,129,Denver Nuggets,130,https://r2.thesportsdb.com/images/media/event/poster/g09hx61738096811.jpg,https://r2.thesportsdb.com/images/media/event/thumb/nllr2e1714822262.jpg
2183624,2024-12-17,Round 0,Los Angeles Clippers,144,Utah Jazz,107,https://r2.thesportsdb.com/images/media/event/poster/lkizib1738096812.jpg,https://r2.thesportsdb.com/images/media/event/thumb/s4zuab1714822046.jpg
2140428,2024-12-20,Round 0,Washington Wizards,123,Charlotte Hornets,114,https://r2.thesportsdb.com/images/media/event/poster/p13vpv1733081341.jpg,https://r2.thesportsdb.com/images/media/event/thumb/v6pbkq1728122183.jpg
2140427,2024-12-20,Round 0,Orlando Magic,99,Oklahoma City Thunder,105,https://r2.thesportsdb.com/images/media/event/poster/eh5l7j1733081340.jpg,https://r2.thesportsdb.com/images/media/event/thumb/5jotqq1728122181.jpg
2140426,2024-12-20,Round 0,Detroit Pistons,119,Utah Jazz,126,https://r2.thesportsdb.com/images/media/event/poster/dt3s171733081342.jpg,https://r2.thesportsdb.com/images/media/event/thumb/3gft9z1728122186.jpg
2140429,2024-12-20,Round 0,Boston Celtics,108,Chicago Bulls,117,https://r2.thesportsdb.com/images/media/event/poster/mve1751733081343.jpg,https://r2.thesportsdb.com/images/media/event/thumb/7rqhq41728122189.jpg
2140430,2024-12-20,Round 0,Toronto Raptors,94,Brooklyn Nets,101,https://r2.thesportsdb.com/images/media/event/poster/wbpotg1733081343.jpg,https://r2.thesportsdb.com/images/media/event/thumb/boycee1728122188.jpg
2140433,2024-12-20,Round 0,Houston Rockets,133,New Orleans Pelicans,113,https://r2.thesportsdb.com/images/media/event/poster/th5jsw1733081344.jpg,https://r2.th